canonical_smiles,reaction_family,size_bin,charge_bin,ring_bin
CCCCCCCCCC/C=C\CCCCCCCCCCC(=O)NCCCCCCCCCCCC,amide_coupling_acid_amine,le40,neutral,acyclic
CCCC/C=C\CCCCC(=O)N(CCN)CCNCCNCCNCCN,amide_coupling_acid_amine,le40,neutral,acyclic
CCCCCCCCCCC(=O)NC(C)C,amide_coupling_acid_amine,le40,neutral,acyclic
CCCCCCC(=O)NCC(CC)CCCC,amide_coupling_acid_amine,le40,neutral,acyclic
CCCCCCCCC(=O)N(CCCN)CCCCN,amide_coupling_acid_amine,le40,neutral,acyclic
CCCCCCCCCCCCCCCCCCC(=O)N(CCO)CCO,amide_coupling_acid_amine,le40,neutral,acyclic
CCCC/C=C\C/C=C\CCCCC(=O)NCCCCCCCC,amide_coupling_acid_amine,le40,neutral,acyclic
CCCCCC/C=C\C/C=C\CCCCCCC(=O)NCCCCCC,amide_coupling_acid_amine,le40,neutral,acyclic
CCCCCCCCC/C=C\CCCCCCCCCC(=O)NCCN(CC)CC,amide_coupling_acid_amine,le40,neutral,acyclic
CCCCCCCCCCCCCCCCCCC(=O)NCCCCCCNCCCCCCN,amide_coupling_acid_amine,le40,neutral,acyclic
CCCCCCC/C=C\C/C=C\CCCCCCCC(=O)N(CCCN)CCCCNCCCN,amide_coupling_acid_amine,le40,neutral,acyclic
CCCCCCCCCCCCC(=O)NCCCN(C)C,amide_coupling_acid_amine,le40,neutral,acyclic
CCCCCCC/C=C\C/C=C\CCCCCCCC(=O)NCCCN(C)C,amide_coupling_acid_amine,le40,neutral,acyclic
CCCCCCCCCCCCCCCCC(=O)NCCNCCNCCN,amide_coupling_acid_amine,le40,neutral,acyclic
CCCCCCC/C=C\C/C=C\CCCCCCCC(=O)N(CCNCCN)CCNCCNCCN,amide_coupling_acid_amine,le40,neutral,acyclic
CCCCCCCCCC/C=C\CCCCCCCCCCC(=O)N(CCNCCN)CCNCCNCCN,amide_coupling_acid_amine,le40,neutral,acyclic
CCCC/C=C\CCCCC(=O)N(CCCN)CCCCNCCCN,amide_coupling_acid_amine,le40,neutral,acyclic
CCCCCCCCCCC(=O)NC(C)(C)C,amide_coupling_acid_amine,le40,neutral,acyclic
CCCCCCCCCCCCC(=O)N(CCCCCCN)CCCCCCN,amide_coupling_acid_amine,le40,neutral,acyclic
CCCCCCC/C=C\C/C=C\CCCCCCCC(=O)NCCC,amide_coupling_acid_amine,le40,neutral,acyclic
CCCCCCCCCCCCCCC(C)CCC(=O)NCCNCCNCCNCCNCCN,amide_coupling_acid_amine,le40,neutral,acyclic
CCCCC/C=C\C/C=C\CCCCCC(=O)NCCN(CCN)CCN,amide_coupling_acid_amine,le40,neutral,acyclic
CCC(C)CCC(=O)N(CCCCCCN)CCCCCCN,amide_coupling_acid_amine,le40,neutral,acyclic
CCCCCCCCCCC(=O)NCCN,amide_coupling_acid_amine,le40,neutral,acyclic
CCCCCCCCCCCCCCC(C)CCC(=O)NCCN,amide_coupling_acid_amine,le40,neutral,acyclic
CCCCCCC/C=C\C/C=C\CCCCCCCC(=O)N(C)CCCC,amide_coupling_acid_amine,le40,neutral,acyclic
CCCCCCCCC(C)CCC(=O)NCCCC,amide_coupling_acid_amine,le40,neutral,acyclic
CCCCCCCCCCCCCCCCC(C)CCC(=O)N(C)C,amide_coupling_acid_amine,le40,neutral,acyclic
CCCCCC/C=C\C/C=C\CCCCCCC(=O)NCC(O)CO,amide_coupling_acid_amine,le40,neutral,acyclic
CCCCCCCCC(C)CCC(=O)NCCCCNCCCN,amide_coupling_acid_amine,le40,neutral,acyclic
CCCCC/C=C\CCCCCC(=O)NCCN(CC)CC,amide_coupling_acid_amine,le40,neutral,acyclic
CCCCCCCCCCCCCCCCC(C)CCC(=O)N(C)CCCC,amide_coupling_acid_amine,le40,neutral,acyclic
CCCCCCCC/C=C\C/C=C\CCCCCCCCC(=O)NCCCN(CC)CC,amide_coupling_acid_amine,le40,neutral,acyclic
CCCCCCCCC(=O)NCCC,amide_coupling_acid_amine,le40,neutral,acyclic
CCCCCC/C=C\CCCCCCC(=O)N(C)CCCC,amide_coupling_acid_amine,le40,neutral,acyclic
CCCCCCCCCCCCCCCCCCCCC(=O)NCCCN(CC)CC,amide_coupling_acid_amine,le40,neutral,acyclic
CCCCCCCCCCCCCCC(C)CCC(=O)N(CCCN)CCCCN,amide_coupling_acid_amine,le40,neutral,acyclic
CCCCCCC(=O)NCCCN,amide_coupling_acid_amine,le40,neutral,acyclic
CCCCCCCCCCCCC(C)CCC(=O)N(CCN)CCN,amide_coupling_acid_amine,le40,neutral,acyclic
CCCCCCCCC(=O)N(CCO)CCO,amide_coupling_acid_amine,le40,neutral,acyclic
CCCCC(C)CCC(=O)NCCNCCN,amide_coupling_acid_amine,le40,neutral,acyclic
CCCCCCCCCCCCCCC(=O)NCCNCCN,amide_coupling_acid_amine,le40,neutral,acyclic
CCCCCCCCCCCCCCCCCCCCC(=O)N(CCN)CCN,amide_coupling_acid_amine,le40,neutral,acyclic
CCCCCCC(C)CCC(=O)NCCCN(CCCC)CCCC,amide_coupling_acid_amine,le40,neutral,acyclic
CCCCCCCCCCCCCCCCC(=O)NCCN(CCN)CCN,amide_coupling_acid_amine,le40,neutral,acyclic
CCCCC/C=C\C/C=C\CCCCCC(=O)NCCC,amide_coupling_acid_amine,le40,neutral,acyclic
CCCCCCCCCCCCCCCCCCCCCCC(=O)NCCN(CC)CC,amide_coupling_acid_amine,le40,neutral,acyclic
CCCCCCC(=O)N(CCNCCN)CCNCCNCCN,amide_coupling_acid_amine,le40,neutral,acyclic
CCCCCCCCCCCCCCCCCCCCCCC(=O)NCCN(C)C,amide_coupling_acid_amine,le40,neutral,acyclic
CCCCCCCC/C=C\C/C=C\CCCCCCCCC(=O)NCCCCCCCC,amide_coupling_acid_amine,le40,neutral,acyclic
CCCCCCNC(=O)CCC(C)CC,amide_coupling_acid_amine,le40,neutral,acyclic
CCCCCC/C=C\CCCCCCC(=O)NCCCN(CC)CC,amide_coupling_acid_amine,le40,neutral,acyclic
CCCCC/C=C\C/C=C\CCCCCC(=O)N(CCCN)CCCCN,amide_coupling_acid_amine,le40,neutral,acyclic
CCCCCCCCC/C=C\CCCCCCCCCC(=O)N(CCN)CCNCCNCCNCCN,amide_coupling_acid_amine,le40,neutral,acyclic
CCCCCCCC/C=C\C/C=C\CCCCCCCCC(=O)NCCCN(CCCC)CCCC,amide_coupling_acid_amine,le40,neutral,acyclic
CCCCCCCCCCC(C)CCC(=O)NCCCN,amide_coupling_acid_amine,le40,neutral,acyclic
CCCCCCCCCCCCCCCCC(C)CCC(=O)NCCCN,amide_coupling_acid_amine,le40,neutral,acyclic
CCCCCCCCC/C=C\CCCCCCCCCC(=O)NCCCN,amide_coupling_acid_amine,le40,neutral,acyclic
CCCCCCCCCCC(C)CCC(=O)NCCO,amide_coupling_acid_amine,le40,neutral,acyclic
CCCCCCCCCCCCCCCCCCC(C)CCC(=O)NCCN,amide_coupling_acid_amine,le40,neutral,acyclic
CCCCCCCCCCCCCCC(C)CCC(=O)N1CCCNCC1,amide_coupling_acid_amine,le40,neutral,ring
CCCCCCCCCCCCCCCCCCC(C)CCC(=O)NC1CCCCC1,amide_coupling_acid_amine,le40,neutral,ring
CCCC/C=C\C/C=C\CCCCC(=O)N1CCCCC1,amide_coupling_acid_amine,le40,neutral,ring
CCCC/C=C\C/C=C\CCCCC(=O)N1CCC(N)CC1,amide_coupling_acid_amine,le40,neutral,ring
CCCC/C=C\CCCCC(=O)N1CCCC1,amide_coupling_acid_amine,le40,neutral,ring
CCCCCCCCCCCCCCCCCCCCC(=O)N1CCCC1,amide_coupling_acid_amine,le40,neutral,ring
CCCCCCCCCC/C=C\CCCCCCCCCCC(=O)N1CCCNCC1,amide_coupling_acid_amine,le40,neutral,ring
CCCCCCCCCCCCCCC(C)CCC(=O)NCCCN1CCOCC1,amide_coupling_acid_amine,le40,neutral,ring
CCCCCCCCCCCCCCCCCCCCC(=O)NCc1ccccc1,amide_coupling_acid_amine,le40,neutral,ring
CCCCCCC/C=C\CCCCCCCC(=O)NCc1ccco1,amide_coupling_acid_amine,le40,neutral,ring
CCCCCCC(=O)NCCc1ccccc1,amide_coupling_acid_amine,le40,neutral,ring
CCCCCCCCCC/C=C\CCCCCCCCCCC(=O)NCc1ccco1,amide_coupling_acid_amine,le40,neutral,ring
CCCCCCCCCCCCCCC(C)CCC(=O)NC1CCNCC1,amide_coupling_acid_amine,le40,neutral,ring
CCCCC/C=C\CCCCCC(=O)NCCN1CCCCC1,amide_coupling_acid_amine,le40,neutral,ring
CCC(C)CCC(=O)Nc1cn[nH]c1,amide_coupling_acid_amine,le40,neutral,ring
CCCC/C=C\C/C=C\CCCCC(=O)NN1CCOCC1,amide_coupling_acid_amine,le40,neutral,ring
CCCCC/C=C\C/C=C\CCCCCC(=O)NCCN1CCCCC1,amide_coupling_acid_amine,le40,neutral,ring
CCC(C)CCC(=O)N1CCOCC1,amide_coupling_acid_amine,le40,neutral,ring
CCCCCCCCCCC(C)CCC(=O)N1CCN(CCN)CC1,amide_coupling_acid_amine,le40,neutral,ring
CCCCCCCCCCC(=O)NCCCN1CCCC1,amide_coupling_acid_amine,le40,neutral,ring
CCCCCCCCCCCCCCCCC(C)CCC(=O)NCCN1CCCC1,amide_coupling_acid_amine,le40,neutral,ring
CCCCC(C)CCC(=O)Nc1cc(C)nn1C,amide_coupling_acid_amine,le40,neutral,ring
CCCCC/C=C\CCCCCC(=O)N1CCN(CCO)CC1,amide_coupling_acid_amine,le40,neutral,ring
CCCCCCCCCCCCCCC(=O)N1CCN(CCN)CC1,amide_coupling_acid_amine,le40,neutral,ring
CCCCCCCCCCCCCCCCC(C)CCC(=O)N1CCC(N)CC1,amide_coupling_acid_amine,le40,neutral,ring
CCCCCCCCCCCCCCCCC(C)CCC(=O)N1CCN(CCN)CC1,amide_coupling_acid_amine,le40,neutral,ring
CCCCCCCCCCCCCCCCC(C)CCC(=O)N1CCCC1,amide_coupling_acid_amine,le40,neutral,ring
CCCCCCCCC(C)CCC(=O)NCC1CCCN1CC,amide_coupling_acid_amine,le40,neutral,ring
CCCCCCCCC(=O)NC1CCN(C)CC1,amide_coupling_acid_amine,le40,neutral,ring
CCCCCCCCCCCCC(=O)N1CCC(N)CC1,amide_coupling_acid_amine,le40,neutral,ring
CCCCCCCC/C=C\C/C=C\CCCCCCCCC(=O)NC1CCN(C)CC1,amide_coupling_acid_amine,le40,neutral,ring
CCCCC/C=C\C/C=C\CCCCCC(=O)NCCc1cnc[nH]1,amide_coupling_acid_amine,le40,neutral,ring
CCCCCCCCCCCCCCCCCCC(C)CCC(=O)NC1CCNCC1,amide_coupling_acid_amine,le40,neutral,ring
CCCCCC/C=C\CCCCCCC(=O)N1CCOCC1,amide_coupling_acid_amine,le40,neutral,ring
CCCCC/C=C\C/C=C\CCCCCC(=O)NCCCN1CCOCC1,amide_coupling_acid_amine,le40,neutral,ring
CCCCCCC/C=C\C/C=C\CCCCCCCC(=O)NCc1ccccc1,amide_coupling_acid_amine,le40,neutral,ring
CCCCCC/C=C\C/C=C\CCCCCCC(=O)NN1CCCCC1,amide_coupling_acid_amine,le40,neutral,ring
CCCCCCCCCCCCCCCCCCCCC(=O)NCCN1CCOCC1,amide_coupling_acid_amine,le40,neutral,ring
CCCCCCCCCCCCCCC(C)CCC(=O)N1CCC(N)CC1,amide_coupling_acid_amine,le40,neutral,ring
CCC(C)CCC(=O)NCCN1CCCCC1,amide_coupling_acid_amine,le40,neutral,ring
CCCCCCCCC(C)CCC(=O)NC1CCN(C)CC1,amide_coupling_acid_amine,le40,neutral,ring
CCCCCCCCCCCCCCC(=O)NCCN1CCOCC1,amide_coupling_acid_amine,le40,neutral,ring
CCCCCCCCCCCCCCCCCCC(=O)N1CCCC1,amide_coupling_acid_amine,le40,neutral,ring
CCCCCCCCCCCCCCCCCCC(C)CCC(=O)NCCc1cnc[nH]1,amide_coupling_acid_amine,le40,neutral,ring
CCCCCCCCCCCCCCCCC(=O)NCc1ccco1,amide_coupling_acid_amine,le40,neutral,ring
CCC(C)CCC(=O)N1CCN(CCO)CC1,amide_coupling_acid_amine,le40,neutral,ring
CCCCCCCCCCCCCCC(=O)Nc1cc(C)nn1C,amide_coupling_acid_amine,le40,neutral,ring
CCCCCCCCCCCCC(=O)NCCCN1CCCC1,amide_coupling_acid_amine,le40,neutral,ring
CCCCCCCC/C=C\CCCCCCCCC(=O)NCCN1CCCC1,amide_coupling_acid_amine,le40,neutral,ring
CCCCCCCC/C=C\CCCCCCCCC(=O)NN1CCOCC1,amide_coupling_acid_amine,le40,neutral,ring
CCCCCCC(C)CCC(=O)N1CCOCC1,amide_coupling_acid_amine,le40,neutral,ring
CCCCCCC(C)CCC(=O)NC1CCN(C)CC1,amide_coupling_acid_amine,le40,neutral,ring
CCCCCCCCCCCCCCCCCCC(C)CCC(=O)N1CCN(C)CC1,amide_coupling_acid_amine,le40,neutral,ring
CCCCC(C)CCC(=O)N1CCC(N)CC1,amide_coupling_acid_amine,le40,neutral,ring
CCCCCCC/C=C\C/C=C\CCCCCCCC(=O)N1CCCCC1,amide_coupling_acid_amine,le40,neutral,ring
CCCCCCC/C=C\C/C=C\CCCCCCCC(=O)NCCCN1CCCC1,amide_coupling_acid_amine,le40,neutral,ring
CCCCCCCCCCCCCCCCCCC(C)CCC(=O)N1CCCCC1,amide_coupling_acid_amine,le40,neutral,ring
CCCCCCCCCCCCCCC(C)CCC(=O)Nc1cc(C)nn1C,amide_coupling_acid_amine,le40,neutral,ring
CCCCCCCCCCCCCCC(C)CCC(=O)N1CCOCC1,amide_coupling_acid_amine,le40,neutral,ring
CCCC/C=C\C/C=C\CCCCC(=O)NCCc1ccccc1,amide_coupling_acid_amine,le40,neutral,ring
CCCCCCCCCCCCCCCCCCCCCCCOC(=O)CCNCCCNCCCCNCCCN,aza_michael_amine_acrylate,41_64,neutral,acyclic
CCCCCCCCCC/C=C\CCCCCCCCCCCOC(=O)CCNCCCN(CCCC)CCCC,aza_michael_amine_acrylate,41_64,neutral,acyclic
CCC(C)CCCCCCCCCCCCCCCCCOC(=O)CCN(CCN)CCNCCNCCNCCN,aza_michael_amine_acrylate,41_64,neutral,acyclic
CCCCCCC/C=C\C/C=C\CCCCCCCCOC(=O)CCN(CCNCCN)CCNCCNCCN,aza_michael_amine_acrylate,41_64,neutral,acyclic
CCCCCCCC/C=C\C/C=C\CCCCCCCCCOC(=O)CCNCCCNCCCCNCCCN,aza_michael_amine_acrylate,41_64,neutral,acyclic
CCC(C)CCCCCCCCCCCCCCCCCCCOC(=O)CCNCCCCCCNCCCCCCN,aza_michael_amine_acrylate,41_64,neutral,acyclic
CCCCCCC/C=C\C/C=C\CCCCCCCCOC(=O)CCN(CCN)CCNCCNCCNCCN,aza_michael_amine_acrylate,41_64,neutral,acyclic
CCC(C)CCCCCCCCCCCCCCCCCCCOC(=O)CCN(CCCCCCN)CCCCCCN,aza_michael_amine_acrylate,41_64,neutral,acyclic
CCCCCCCCCC/C=C\CCCCCCCCCCCOC(=O)CCN(CCN)CCNCCNCCNCCN,aza_michael_amine_acrylate,41_64,neutral,acyclic
CCCCCCCCC/C=C\CCCCCCCCCCOC(=O)CCN(CCN)CCNCCNCCNCCN,aza_michael_amine_acrylate,41_64,neutral,acyclic
CCC(C)CCCCCCCCCCCCCCCCCCCOC(=O)CCN(CCCN)CCCCNCCCN,aza_michael_amine_acrylate,41_64,neutral,acyclic
CCCCCCCCCCCCNCCC(=O)OCCCCCCCCCCCCCCCCCCCC(C)CC,aza_michael_amine_acrylate,41_64,neutral,acyclic
CCCCCCCCCCCCCCCCCCCCCCCOC(=O)CCNCCCCCCCCCCCC,aza_michael_amine_acrylate,41_64,neutral,acyclic
CCCCCCC/C=C\C/C=C\CCCCCCCCOC(=O)CCNCCNCCNCCNCCNCCN,aza_michael_amine_acrylate,41_64,neutral,acyclic
CCCCCCCCCCCCCCCCCCCCCOC(=O)CCNCCCCCCNCCCCCCN,aza_michael_amine_acrylate,41_64,neutral,acyclic
CCCCCCCCCCCCCCCCCCCCCOC(=O)CCN(CCN)CCNCCNCCNCCN,aza_michael_amine_acrylate,41_64,neutral,acyclic
CCCCCCCCCCCCCCCCCCCCCOC(=O)CCN(CCCCCCN)CCCCCCN,aza_michael_amine_acrylate,41_64,neutral,acyclic
CCCCCCCCCC/C=C\CCCCCCCCCCCOC(=O)CCNCCCCCCNCCCCCCN,aza_michael_amine_acrylate,41_64,neutral,acyclic
CCCCCCCCCCCCCCCCCCCCCCCOC(=O)CCNCCNCCNCCNCCNCCN,aza_michael_amine_acrylate,41_64,neutral,acyclic
CCCCCCCCCCCCCCCCCCCCCCCOC(=O)CCN(CCN)CCNCCNCCNCCN,aza_michael_amine_acrylate,41_64,neutral,acyclic
CCC(C)CCCCCCCCCCCCCCCCCOC(=O)CCN(CCNCCN)CCNCCNCCN,aza_michael_amine_acrylate,41_64,neutral,acyclic
CCCCCCCCCCCCCCCCCCCCCCCOC(=O)CCN(CCCCCCN)CCCCCCN,aza_michael_amine_acrylate,41_64,neutral,acyclic
CCCCCCCCCCCCCCCCCCCCCCCOC(=O)CCN(CCCN)CCCCNCCCN,aza_michael_amine_acrylate,41_64,neutral,acyclic
CCCCCCCCCC/C=C\CCCCCCCCCCCOC(=O)CCN(CCCCCCN)CCCCCCN,aza_michael_amine_acrylate,41_64,neutral,acyclic
CCCCCCCC/C=C\C/C=C\CCCCCCCCCOC(=O)CCN(CCN)CCNCCNCCNCCN,aza_michael_amine_acrylate,41_64,neutral,acyclic
CCCCCCCCCCCCCCCCCCCCCCCOC(=O)CCN(CCNCCN)CCNCCNCCN,aza_michael_amine_acrylate,41_64,neutral,acyclic
CCC(C)CCCCCCCCCCCCCCCCCOC(=O)CCNCCNCCNCCNCCNCCN,aza_michael_amine_acrylate,41_64,neutral,acyclic
CCCCCCCCC/C=C\CCCCCCCCCCOC(=O)CCNCCCCCCNCCCCCCN,aza_michael_amine_acrylate,41_64,neutral,acyclic
CCCCCCCC/C=C\C/C=C\CCCCCCCCCOC(=O)CCN(CCCCCCN)CCCCCCN,aza_michael_amine_acrylate,41_64,neutral,acyclic
CCCCCCCC/C=C\C/C=C\CCCCCCCCCOC(=O)CCN(CCNCCN)CCNCCNCCN,aza_michael_amine_acrylate,41_64,neutral,acyclic
CCCCCCCCC/C=C\CCCCCCCCCCOC(=O)CCNCCNCCNCCNCCNCCN,aza_michael_amine_acrylate,41_64,neutral,acyclic
CCCCCCCCCCCCCCCCCCCCCOC(=O)CCN(CCNCCN)CCNCCNCCN,aza_michael_amine_acrylate,41_64,neutral,acyclic
CCCCCCCCCC/C=C\CCCCCCCCCCCOC(=O)CCN(CCCN)CCCCNCCCN,aza_michael_amine_acrylate,41_64,neutral,acyclic
CCC(C)CCCCCCCCCCCCCCCCCCCOC(=O)CCNCCNCCNCCNCCNCCN,aza_michael_amine_acrylate,41_64,neutral,acyclic
CCCCCCCCCCCCCCCCCCCCCCCOC(=O)CCNCCCN(CCCC)CCCC,aza_michael_amine_acrylate,41_64,neutral,acyclic
CCCCCCCC/C=C\C/C=C\CCCCCCCCCOC(=O)CCNCCNCCNCCNCCNCCN,aza_michael_amine_acrylate,41_64,neutral,acyclic
CCCCCCCCCCCCCCCCCCCCCCCOC(=O)CCNCCCCCCNCCCCCCN,aza_michael_amine_acrylate,41_64,neutral,acyclic
CCC(C)CCCCCCCCCCCCCCCCCCCOC(=O)CCNCCCNCCCCNCCCN,aza_michael_amine_acrylate,41_64,neutral,acyclic
CCCCCCCC/C=C\C/C=C\CCCCCCCCCOC(=O)CCN(CCCN)CCCCNCCCN,aza_michael_amine_acrylate,41_64,neutral,acyclic
CCCCCCCCC/C=C\CCCCCCCCCCOC(=O)CCN(CCNCCN)CCNCCNCCN,aza_michael_amine_acrylate,41_64,neutral,acyclic
CCC(C)CCCCCCCCCCCCCCCCCOC(=O)CCNCCCCCCNCCCCCCN,aza_michael_amine_acrylate,41_64,neutral,acyclic
CCCCCCCCCC/C=C\CCCCCCCCCCCOC(=O)CCNCCNCCNCCNCCNCCN,aza_michael_amine_acrylate,41_64,neutral,acyclic
CCC(C)CCCCCCCCCCCCCCCCCOC(=O)CCN(CCCCCCN)CCCCCCN,aza_michael_amine_acrylate,41_64,neutral,acyclic
CCC(C)CCCCCCCCCCCCCCCCCCCOC(=O)CCN(CCNCCN)CCNCCNCCN,aza_michael_amine_acrylate,41_64,neutral,acyclic
CCCCCCCCCCCCCCCCCCCCCOC(=O)CCNCCNCCNCCNCCNCCN,aza_michael_amine_acrylate,41_64,neutral,acyclic
CCCCN(CCCC)CCCNCCC(=O)OCCCCCCCCCCCCCCCCCCCC(C)CC,aza_michael_amine_acrylate,41_64,neutral,acyclic
CCC(C)CCCCCCCCCCCCCCCCCCCOC(=O)CCN(CCN)CCNCCNCCNCCN,aza_michael_amine_acrylate,41_64,neutral,acyclic
CCCCCCCCCC/C=C\CCCCCCCCCCCOC(=O)CCNCCCCCCCCCCCC,aza_michael_amine_acrylate,41_64,neutral,acyclic
CCCCCCCCC/C=C\CCCCCCCCCCOC(=O)CCN(CCCCCCN)CCCCCCN,aza_michael_amine_acrylate,41_64,neutral,acyclic
CCCCCCCCCC/C=C\CCCCCCCCCCCOC(=O)CCNCCCNCCCCNCCCN,aza_michael_amine_acrylate,41_64,neutral,acyclic
CCCCCCCCCC/C=C\CCCCCCCCCCCOC(=O)CCN(CCNCCN)CCNCCNCCN,aza_michael_amine_acrylate,41_64,neutral,acyclic
CCCCCCCC/C=C\C/C=C\CCCCCCCCCOC(=O)CCNCCCCCCNCCCCCCN,aza_michael_amine_acrylate,41_64,neutral,acyclic
CCCCC/C=C\CCCCCCOC(=O)CCNCCCNCCCCN,aza_michael_amine_acrylate,le40,neutral,acyclic
CCC(C)CCCCCCCOC(=O)CCNCCCN(C)C,aza_michael_amine_acrylate,le40,neutral,acyclic
CCC(C)CCCCCCCOC(=O)CCNCCN,aza_michael_amine_acrylate,le40,neutral,acyclic
CCC(C)CCCCCCCCCCCCCOC(=O)CCNCCCN(C)CCCN,aza_michael_amine_acrylate,le40,neutral,acyclic
CCCCCCCCCCCCCCCOC(=O)CCN(CCCCCCN)CCCCCCN,aza_michael_amine_acrylate,le40,neutral,acyclic
CCCCCCCCCCCCCCCOC(=O)CCNCCCCNCCCN,aza_michael_amine_acrylate,le40,neutral,acyclic
CCCC/C=C\C/C=C\CCCCCOC(=O)CCNCCCCCCNCCCCCCN,aza_michael_amine_acrylate,le40,neutral,acyclic
CCC(C)CCCCCCCOC(=O)CCN(CCCCCCN)CCCCCCN,aza_michael_amine_acrylate,le40,neutral,acyclic
CCCCCCCCCCCCCCCOC(=O)CCNCC(O)CO,aza_michael_amine_acrylate,le40,neutral,acyclic
CCCCCCC/C=C\CCCCCCCCOC(=O)CCN(CCCN)CCCCN,aza_michael_amine_acrylate,le40,neutral,acyclic
CCCC/C=C\C/C=C\CCCCCOC(=O)CCN(CCN)CCNCCNCCNCCN,aza_michael_amine_acrylate,le40,neutral,acyclic
CCCCCCC/C=C\C/C=C\CCCCCCCCOC(=O)CCN(CCN)CCNCCN,aza_michael_amine_acrylate,le40,neutral,acyclic
CCC(C)CCCCCCCCCCCCCCCOC(=O)CCNCCCCCCNCCCCCCN,aza_michael_amine_acrylate,le40,neutral,acyclic
CCCCCC/C=C\C/C=C\CCCCCCCOC(=O)CCNCC(CC)CCCC,aza_michael_amine_acrylate,le40,neutral,acyclic
CCCCCC/C=C\CCCCCCCOC(=O)CCNCCNCCN,aza_michael_amine_acrylate,le40,neutral,acyclic
CCCCCCCCCCCCCOC(=O)CCN(C)CCCC,aza_michael_amine_acrylate,le40,neutral,acyclic
CCCCCCCCCCCCCCCCCOC(=O)CCNC(C)C,aza_michael_amine_acrylate,le40,neutral,acyclic
CCC(C)CCCCCCCCCCCOC(=O)CCNCCNCCNCCN,aza_michael_amine_acrylate,le40,neutral,acyclic
CCC(C)CCCCCCCCCCCCCCCOC(=O)CCN(CCNCCN)CCNCCNCCN,aza_michael_amine_acrylate,le40,neutral,acyclic
CCC(C)CCCOC(=O)CCNCCCN(CC)CC,aza_michael_amine_acrylate,le40,neutral,acyclic
CCC(C)CCCCCOC(=O)CCN(CCCN)CCCCN,aza_michael_amine_acrylate,le40,neutral,acyclic
CCC(C)CCCCCCCOC(=O)CCNCCCCNCCCN,aza_michael_amine_acrylate,le40,neutral,acyclic
CCCCCCCCCCCCCCCCCOC(=O)CCN(C)C,aza_michael_amine_acrylate,le40,neutral,acyclic
CCCCCCCCC/C=C\CCCCCCCCCCOC(=O)CCN(CCN)CCN,aza_michael_amine_acrylate,le40,neutral,acyclic
CCC(C)CCCCCCCCCCCOC(=O)CCN(CCCN)CCCCNCCCN,aza_michael_amine_acrylate,le40,neutral,acyclic
CCCCCCCCCCCCCCCCCCCCCCCOC(=O)CCN(CCN)CCN,aza_michael_amine_acrylate,le40,neutral,acyclic
CCNCCC(=O)OCCCCCCCCCCCCCCCC(C)CC,aza_michael_amine_acrylate,le40,neutral,acyclic
CCCNCCC(=O)OCCCCCCCCCCCC(C)CC,aza_michael_amine_acrylate,le40,neutral,acyclic
CCCC/C=C\C/C=C\CCCCCOC(=O)CCNC,aza_michael_amine_acrylate,le40,neutral,acyclic
CCCCCCCC/C=C\C/C=C\CCCCCCCCCOC(=O)CCN(C)CCCC,aza_michael_amine_acrylate,le40,neutral,acyclic
CCCCCCCCCCCOC(=O)CCNCCCN(CC)CC,aza_michael_amine_acrylate,le40,neutral,acyclic
CCCCCCCCC/C=C\CCCCCCCCCCOC(=O)CCNCCCC,aza_michael_amine_acrylate,le40,neutral,acyclic
CCC(C)CCCCCCCCCCCCCCCCCOC(=O)CCNCCCN(CC)CC,aza_michael_amine_acrylate,le40,neutral,acyclic
CCC(C)CCCCCCCCCCCCCCCCCCCOC(=O)CCNCCO,aza_michael_amine_acrylate,le40,neutral,acyclic
CCCCCCCCCCCCCCCCCCCCCOC(=O)CCNCC(C)(C)C,aza_michael_amine_acrylate,le40,neutral,acyclic
CCC(C)CCCCCCCCCCCCCCCOC(=O)CCN(CCCN)CCCCN,aza_michael_amine_acrylate,le40,neutral,acyclic
CCCCCCCCCCCCCCCOC(=O)CCNCCN(C)C,aza_michael_amine_acrylate,le40,neutral,acyclic
CCCCCCCCCCCCCOC(=O)CCNCCCCCC,aza_michael_amine_acrylate,le40,neutral,acyclic
CCCCCCCCC/C=C\CCCCCCCCCCOC(=O)CCNCCO,aza_michael_amine_acrylate,le40,neutral,acyclic
CCCCCC/C=C\C/C=C\CCCCCCCOC(=O)CCN(C)C,aza_michael_amine_acrylate,le40,neutral,acyclic
CCCCCCC/C=C\C/C=C\CCCCCCCCOC(=O)CCNCCC,aza_michael_amine_acrylate,le40,neutral,acyclic
CCCCCCCC/C=C\CCCCCCCCCOC(=O)CCN(CCCN)CCCCNCCCN,aza_michael_amine_acrylate,le40,neutral,acyclic
CCC(C)CCCCCCCCCCCOC(=O)CCN(CCN)CCNCCNCCNCCN,aza_michael_amine_acrylate,le40,neutral,acyclic
CCCCCCCCCCCCCCCCCCCCCCCOC(=O)CCNCCCN,aza_michael_amine_acrylate,le40,neutral,acyclic
CCCC/C=C\CCCCCOC(=O)CCN(CCCN)CCCCN,aza_michael_amine_acrylate,le40,neutral,acyclic
CCC(C)CCCCCCCCCCCOC(=O)CCNC,aza_michael_amine_acrylate,le40,neutral,acyclic
CCC(C)CCCCCCCCCCCCCOC(=O)CCN(CCCCCCN)CCCCCCN,aza_michael_amine_acrylate,le40,neutral,acyclic
CCCCC/C=C\C/C=C\CCCCCCOC(=O)CCNCCCCCCCC,aza_michael_amine_acrylate,le40,neutral,acyclic
CCCCCCCCCCCCCCCCCOC(=O)CCN(CC)CC,aza_michael_amine_acrylate,le40,neutral,acyclic
CCCCCCCCCCCCCCCCCCCCCCCOC(=O)CCNCCNCCNCCN,aza_michael_amine_acrylate,le40,neutral,acyclic
CCC(C)CCCOC(=O)CCN(CCCN)CCCCNCCCN,aza_michael_amine_acrylate,le40,neutral,acyclic
CCCCCC/C=C\C/C=C\CCCCCCCOC(=O)CCN(CCCN)CCCCNCCCN,aza_michael_amine_acrylate,le40,neutral,acyclic
CCCCCCCCC/C=C\CCCCCCCCCCOC(=O)CCNCCN(CCN)CCN,aza_michael_amine_acrylate,le40,neutral,acyclic
CCCCCCCCCOC(=O)CCN(C)C,aza_michael_amine_acrylate,le40,neutral,acyclic
CCCCCCCCCCCOC(=O)CCNCCN(CCN)CCN,aza_michael_amine_acrylate,le40,neutral,acyclic
CCCCCCCCCOC(=O)CCNCC(CC)CCCC,aza_michael_amine_acrylate,le40,neutral,acyclic
CCCC/C=C\CCCCCOC(=O)CCNCCO,aza_michael_amine_acrylate,le40,neutral,acyclic
CCCCC/C=C\C/C=C\CCCCCCOC(=O)CCNCCCCNCCCN,aza_michael_amine_acrylate,le40,neutral,acyclic
CCC(C)CCCCCCCCCCCCCCCOC(=O)CCNCCCNCCCCN,aza_michael_amine_acrylate,le40,neutral,acyclic
CCC(C)CCCCCCCCCCCCCCCOC(=O)CCN(CCO)CCO,aza_michael_amine_acrylate,le40,neutral,acyclic
CCC(C)CCCCCCCOC(=O)CCNCc1ccco1,aza_michael_amine_acrylate,le40,neutral,ring
CCCCCCCCCCCCCCCOC(=O)CCN1CCOCC1,aza_michael_amine_acrylate,le40,neutral,ring
CCC(C)CCCCCCCCCCCOC(=O)CCN1CCN(CCO)CC1,aza_michael_amine_acrylate,le40,neutral,ring
CCCC/C=C\C/C=C\CCCCCOC(=O)CCN1CCN(CCN)CC1,aza_michael_amine_acrylate,le40,neutral,ring
CCCCCCCCCCCCCCCCCOC(=O)CCNC1CCCCC1,aza_michael_amine_acrylate,le40,neutral,ring
CCC(C)CCCCCCCCCCCCCOC(=O)CCNN1CCCCC1,aza_michael_amine_acrylate,le40,neutral,ring
CCCC/C=C\CCCCCOC(=O)CCNN1CCCCC1,aza_michael_amine_acrylate,le40,neutral,ring
CCCCCCCC/C=C\C/C=C\CCCCCCCCCOC(=O)CCNCCCN1CCOCC1,aza_michael_amine_acrylate,le40,neutral,ring
CCC(C)CCCCCCCCCCCCCCCCCOC(=O)CCN1CCNCC1,aza_michael_amine_acrylate,le40,neutral,ring
CCC(C)CCCCCCCCCCCCCCCCCCCOC(=O)CCNCCCN1CCOCC1,aza_michael_amine_acrylate,le40,neutral,ring
CCC(C)CCCCCCCCCOC(=O)CCNCCc1ccccc1,aza_michael_amine_acrylate,le40,neutral,ring
CCC(C)CCCCCCCCCCCCCCCOC(=O)CCN1CCCNCC1,aza_michael_amine_acrylate,le40,neutral,ring
CCCCCCCCCCCCCOC(=O)CCN1CCC(N)CC1,aza_michael_amine_acrylate,le40,neutral,ring
CCCCCCCCC/C=C\CCCCCCCCCCOC(=O)CCNCCCN1CCCC1,aza_michael_amine_acrylate,le40,neutral,ring
CCC(C)CCCCCCCCCCCCCCCCCOC(=O)CCNCC1CCCN1CC,aza_michael_amine_acrylate,le40,neutral,ring
CCCCCCCC/C=C\CCCCCCCCCOC(=O)CCNCCN1CCCCC1,aza_michael_amine_acrylate,le40,neutral,ring
CCCCC/C=C\CCCCCCOC(=O)CCNCCc1cnc[nH]1,aza_michael_amine_acrylate,le40,neutral,ring
CCCCCC/C=C\CCCCCCCOC(=O)CCNC1CCN(C)CC1,aza_michael_amine_acrylate,le40,neutral,ring
CCC(C)CCCCCCCCCCCOC(=O)CCNC1CCNCC1,aza_michael_amine_acrylate,le40,neutral,ring
CCC(C)CCCCCCCCCCCOC(=O)CCN1CCCC1,aza_michael_amine_acrylate,le40,neutral,ring
CCCCCC/C=C\CCCCCCCOC(=O)CCNN1CCCCC1,aza_michael_amine_acrylate,le40,neutral,ring
CCCCCCCCCCCCCOC(=O)CCNCc1ccccc1,aza_michael_amine_acrylate,le40,neutral,ring
CCCCCCCCCCCCCCCCCCCCCCCOC(=O)CCN1CCCNCC1,aza_michael_amine_acrylate,le40,neutral,ring
CCCCCCCCCCCCCCCOC(=O)CCNC1CCN(C)CC1,aza_michael_amine_acrylate,le40,neutral,ring
CCCCCCC/C=C\C/C=C\CCCCCCCCOC(=O)CCN1CCN(C)CC1,aza_michael_amine_acrylate,le40,neutral,ring
CCC(C)CCCCCCCCCCCCCCCCCCCOC(=O)CCNCC1CCCN1CC,aza_michael_amine_acrylate,le40,neutral,ring
CCCCCCCCCC/C=C\CCCCCCCCCCCOC(=O)CCNc1cc(C)nn1C,aza_michael_amine_acrylate,le40,neutral,ring
CCCCCCCCCCCCCCCOC(=O)CCN1CCN(CCO)CC1,aza_michael_amine_acrylate,le40,neutral,ring
CCCCCCCCCCCOC(=O)CCN1CCN(CCN)CC1,aza_michael_amine_acrylate,le40,neutral,ring
CCCCC/C=C\CCCCCCOC(=O)CCNCCCN1CCOCC1,aza_michael_amine_acrylate,le40,neutral,ring
CCCCCCCOC(=O)CCN1CCOCC1,aza_michael_amine_acrylate,le40,neutral,ring
CCC(C)CCCCCCCCCCCOC(=O)CCN1CCCNCC1,aza_michael_amine_acrylate,le40,neutral,ring
CCCCC/C=C\CCCCCCOC(=O)CCN1CCN(C)CC1,aza_michael_amine_acrylate,le40,neutral,ring
CCCCCC/C=C\CCCCCCCOC(=O)CCNC1CCNCC1,aza_michael_amine_acrylate,le40,neutral,ring
CCCCCCCCCCCCCCCOC(=O)CCNCCCN1CCCC1,aza_michael_amine_acrylate,le40,neutral,ring
CCCCCCCOC(=O)CCNCCc1cnc[nH]1,aza_michael_amine_acrylate,le40,neutral,ring
CCC(C)CCCCCCCCCCCOC(=O)CCNCCN1CCOCC1,aza_michael_amine_acrylate,le40,neutral,ring
CCCCCCCCCC/C=C\CCCCCCCCCCCOC(=O)CCN1CCCC1,aza_michael_amine_acrylate,le40,neutral,ring
CCCC/C=C\C/C=C\CCCCCOC(=O)CCN1CCN(CCO)CC1,aza_michael_amine_acrylate,le40,neutral,ring
CCCCCCCC/C=C\C/C=C\CCCCCCCCCOC(=O)CCN1CCOCC1,aza_michael_amine_acrylate,le40,neutral,ring
CCCCCCCCCCCCCCCCCCCCCCCOC(=O)CCNCCN1CCCCC1,aza_michael_amine_acrylate,le40,neutral,ring
CCCCCC/C=C\C/C=C\CCCCCCCOC(=O)CCNCCN1CCOCC1,aza_michael_amine_acrylate,le40,neutral,ring
CCCCCCCCCCCOC(=O)CCNc1cc(C)nn1C,aza_michael_amine_acrylate,le40,neutral,ring
CCCCCCCCCCCCCCCCCCCCCCCOC(=O)CCN1CCNCC1,aza_michael_amine_acrylate,le40,neutral,ring
CCCCCCCCCCCCCCCCCCCOC(=O)CCN1CCCCC1,aza_michael_amine_acrylate,le40,neutral,ring
CCC(C)CCCCCCCCCCCCCCCOC(=O)CCNN1CCCCC1,aza_michael_amine_acrylate,le40,neutral,ring
CCC(C)CCCCCCCOC(=O)CCNCCN1CCCC1,aza_michael_amine_acrylate,le40,neutral,ring
CCCCCCCCCCCCCCCCCCCOC(=O)CCN1CCOCC1,aza_michael_amine_acrylate,le40,neutral,ring
CCCCCCCCCCCCCCCCCOC(=O)CCNCc1ccccc1,aza_michael_amine_acrylate,le40,neutral,ring
CCC(C)CCCOC(=O)CCNC1CCCCC1,aza_michael_amine_acrylate,le40,neutral,ring
CCCCCCCOC(=O)CCNCCN1CCOCC1,aza_michael_amine_acrylate,le40,neutral,ring
CCC(C)CCCCCCCCCCCCCCCCCOC(=O)CCNC1CCN(C)CC1,aza_michael_amine_acrylate,le40,neutral,ring
CCCCCCCOC(=O)CCNN1CCCCC1,aza_michael_amine_acrylate,le40,neutral,ring
CCCCCCCCCOC(=O)CCNCCCN1CCCC1,aza_michael_amine_acrylate,le40,neutral,ring
CCCCCCCCC/C=C\CCCCCCCCCCOC(=O)CCNCc1ccccc1,aza_michael_amine_acrylate,le40,neutral,ring
CCCC/C=C\C/C=C\CCCCCOC(=O)CCN1CCNCC1,aza_michael_amine_acrylate,le40,neutral,ring
CCCCCCCCCCCCCCCCCOC(=O)CCN1CCOCC1,aza_michael_amine_acrylate,le40,neutral,ring
CCCCCCCCCCCCCCCOC(=O)CCNC1CCNCC1,aza_michael_amine_acrylate,le40,neutral,ring
CCCCC/C=C\C/C=C\CCCCCCOC(=O)CCNN1CCOCC1,aza_michael_amine_acrylate,le40,neutral,ring
CCC(C)CCCCCCCCCCCCCCCOC(=O)CCNCc1ccccc1,aza_michael_amine_acrylate,le40,neutral,ring
CCCCCCCCCC/C=C\CCCCCCCCCCC(O)CNCCNCCNCCNCCNCCN,epoxide_opening_amine,41_64,neutral,acyclic
CCCCCCCCCCCCCCCCCCC(C)CCC(O)CN(CCN)CCNCCNCCNCCN,epoxide_opening_amine,41_64,neutral,acyclic
CCCCCCCCCCCCCCCCCCC(C)CCC(O)CNCCNCCNCCNCCNCCN,epoxide_opening_amine,41_64,neutral,acyclic
CCCCCCCCCC/C=C\CCCCCCCCCCC(O)CN(CCN)CCNCCNCCNCCN,epoxide_opening_amine,41_64,neutral,acyclic
CCCCCCCCCCCCCCCCCCCCCCC(O)CN(CCN)CCNCCNCCNCCN,epoxide_opening_amine,41_64,neutral,acyclic
CCCCCCCCCC/C=C\CCCCCCCCCCC(O)CN(CCNCCN)CCNCCNCCN,epoxide_opening_amine,41_64,neutral,acyclic
CCCCCCCCCCCCCCCCCCCCCCC(O)CN(CCNCCN)CCNCCNCCN,epoxide_opening_amine,41_64,neutral,acyclic
CCCCCCCCCCCCCCCCCCC(C)CCC(O)CN(CCNCCN)CCNCCNCCN,epoxide_opening_amine,41_64,neutral,acyclic
CCCCCCCCCCCCCCCCCCCCCCC(O)CNCCNCCNCCNCCNCCN,epoxide_opening_amine,41_64,neutral,acyclic
CCCCCCCCCCCCCCC(O)CNC(C)C,epoxide_opening_amine,le40,neutral,acyclic
CCCCCCC(O)CN(CC)CC,epoxide_opening_amine,le40,neutral,acyclic
CCCCCCC/C=C\CCCCCCCC(O)CNCCCCNCCCN,epoxide_opening_amine,le40,neutral,acyclic
CCCCCCCCCCCCCCC(O)CNCCCCNCCCN,epoxide_opening_amine,le40,neutral,acyclic
CCCCCCCCCCCCC(C)CCC(O)CNCCCN(CC)CC,epoxide_opening_amine,le40,neutral,acyclic
CCCCCCCCCCCCCCCCC(C)CCC(O)CN(C)C,epoxide_opening_amine,le40,neutral,acyclic
CCCC/C=C\C/C=C\CCCCC(O)CN(CCO)CCO,epoxide_opening_amine,le40,neutral,acyclic
CCCCCCC/C=C\CCCCCCCC(O)CN(CCN)CCNCCN,epoxide_opening_amine,le40,neutral,acyclic
CCCCCCCCCCCCCCCCC(O)CN(C)CCCC,epoxide_opening_amine,le40,neutral,acyclic
CCCCCCC/C=C\CCCCCCCC(O)CN(C)CCCC,epoxide_opening_amine,le40,neutral,acyclic
CCC(C)CCC(O)CNCCCN,epoxide_opening_amine,le40,neutral,acyclic
CCCC/C=C\C/C=C\CCCCC(O)CNCCO,epoxide_opening_amine,le40,neutral,acyclic
CCCCCCCCCCCCCCCCCCC(O)CNCCCNCCCCN,epoxide_opening_amine,le40,neutral,acyclic
CCCCC/C=C\CCCCCC(O)CNCCNCCNCCNCCNCCN,epoxide_opening_amine,le40,neutral,acyclic
CCCCCC/C=C\CCCCCCC(O)CNCCCN(C)C,epoxide_opening_amine,le40,neutral,acyclic
CCCCCCC(O)CNCCO,epoxide_opening_amine,le40,neutral,acyclic
CCCCCCCCCCCCCCCCC(C)CCC(O)CNCC(C)(C)C,epoxide_opening_amine,le40,neutral,acyclic
CCCC/C=C\CCCCC(O)CNCCCCCCCC,epoxide_opening_amine,le40,neutral,acyclic
CCCCCCCCCCCCCCCCCCC(C)CCC(O)CN(CCO)CCO,epoxide_opening_amine,le40,neutral,acyclic
CCCCCCCCC(O)CNCCN(C)C,epoxide_opening_amine,le40,neutral,acyclic
CCCCCCCCCCC(C)CCC(O)CNCCN(C(C)C)C(C)C,epoxide_opening_amine,le40,neutral,acyclic
CCCCCCCCCCCCCCCCCCC(O)CNCCN(C(C)C)C(C)C,epoxide_opening_amine,le40,neutral,acyclic
CCCCCC/C=C\CCCCCCC(O)CNCCN,epoxide_opening_amine,le40,neutral,acyclic
CCCCCCC/C=C\CCCCCCCC(O)CNCCNCCN,epoxide_opening_amine,le40,neutral,acyclic
CCCCCCCCC/C=C\CCCCCCCCCC(O)CN(CCN)CCN,epoxide_opening_amine,le40,neutral,acyclic
CCCCCCCCCC/C=C\CCCCCCCCCCC(O)CNCCCNCCCCNCCCN,epoxide_opening_amine,le40,neutral,acyclic
CCCCC/C=C\CCCCCC(O)CNCCCN,epoxide_opening_amine,le40,neutral,acyclic
CCCCCCCCCC/C=C\CCCCCCCCCCC(O)CN(C)C,epoxide_opening_amine,le40,neutral,acyclic
CCCCCCCCC(O)CNCCCCCCNCCCCCCN,epoxide_opening_amine,le40,neutral,acyclic
CCCCCCCCCC/C=C\CCCCCCCCCCC(O)CNCC(O)CO,epoxide_opening_amine,le40,neutral,acyclic
CCCCCCCC/C=C\C/C=C\CCCCCCCCC(O)CN(CCCN)CCCCNCCCN,epoxide_opening_amine,le40,neutral,acyclic
CCCCCCCCCCCCCCC(C)CCC(O)CNCCNCCNCCNCCNCCN,epoxide_opening_amine,le40,neutral,acyclic
CCCCCCCC/C=C\C/C=C\CCCCCCCCC(O)CNCC,epoxide_opening_amine,le40,neutral,acyclic
CCCCCCCCCCCCCCC(C)CCC(O)CNCCO,epoxide_opening_amine,le40,neutral,acyclic
CCCCC/C=C\CCCCCC(O)CN(C)C,epoxide_opening_amine,le40,neutral,acyclic
CCCC/C=C\CCCCC(O)CN(CC)CC,epoxide_opening_amine,le40,neutral,acyclic
CCCCCCCCCCCCCCCCC(C)CCC(O)CNCCCN(C)CCCN,epoxide_opening_amine,le40,neutral,acyclic
CCCCCCCCCCCCCCCCCCC(O)CN(CCCN)CCCCNCCCN,epoxide_opening_amine,le40,neutral,acyclic
CCCCCCCCCCCCCCC(C)CCC(O)CNCCN(C(C)C)C(C)C,epoxide_opening_amine,le40,neutral,acyclic
CCC(C)CCC(O)CN(CC)CC,epoxide_opening_amine,le40,neutral,acyclic
CCCC/C=C\C/C=C\CCCCC(O)CNCCCNCCCCN,epoxide_opening_amine,le40,neutral,acyclic
CCC(C)CCC(O)CNCCNCCNCCN,epoxide_opening_amine,le40,neutral,acyclic
CCCCC/C=C\CCCCCC(O)CNCCN(CC)CC,epoxide_opening_amine,le40,neutral,acyclic
CCCCCCCCCCCCCCCCCCCCCCC(O)CN(CCO)CCO,epoxide_opening_amine,le40,neutral,acyclic
CCCCCCCCCCCCCCC(O)CNCCCCCCCC,epoxide_opening_amine,le40,neutral,acyclic
CCCCCCCCCCCCCCC(C)CCC(O)CNCC(C)(C)C,epoxide_opening_amine,le40,neutral,acyclic
CCCCCC/C=C\CCCCCCC(O)CN(CCO)CCO,epoxide_opening_amine,le40,neutral,acyclic
CCCCCCCCCCCCCCCCCCC(C)CCC(O)CNCCN(CC)CC,epoxide_opening_amine,le40,neutral,acyclic
CCCCCCCCCCCCCCCCCCCCCCC(O)CNCCCCCCNCCCCCCN,epoxide_opening_amine,le40,neutral,acyclic
CCCCCCC/C=C\C/C=C\CCCCCCCC(O)CN(CCN)CCN,epoxide_opening_amine,le40,neutral,acyclic
CCCCCCC(C)CCC(O)CNCCCN(CC)CC,epoxide_opening_amine,le40,neutral,acyclic
CCCCCCCCCCCCCCCCCCC(C)CCC(O)CNCCCCCCCCCCCC,epoxide_opening_amine,le40,neutral,acyclic
CCCCCCC(O)CNCCN(CCN)CCN,epoxide_opening_amine,le40,neutral,acyclic
CCCCCCCCCCCCC(O)CNCCCNCCCCNCCCN,epoxide_opening_amine,le40,neutral,acyclic
CCCCCCCC/C=C\C/C=C\CCCCCCCCC(O)CNCCNCCN,epoxide_opening_amine,le40,neutral,acyclic
CCCCCCCCCCCCC(C)CCC(O)CN(C)CCCC,epoxide_opening_amine,le40,neutral,acyclic
CCCCCCCCCCCCCCCCCCCCC(O)CNCC(CC)CCCC,epoxide_opening_amine,le40,neutral,acyclic
CCCCCCCC/C=C\C/C=C\CCCCCCCCC(O)CN(CCN)CCN,epoxide_opening_amine,le40,neutral,acyclic
CCCC/C=C\CCCCC(O)CN(CCN)CCNCCNCCNCCN,epoxide_opening_amine,le40,neutral,acyclic
CCCCCCC(C)CCC(O)CNCCN(CC)CC,epoxide_opening_amine,le40,neutral,acyclic
CCCCCCCCC(C)CCC(O)CNCCN1CCCCC1,epoxide_opening_amine,le40,neutral,ring
CCCCCCC(O)CN1CCC(N)CC1,epoxide_opening_amine,le40,neutral,ring
CCCCCCCCCCC(O)CNN1CCCCC1,epoxide_opening_amine,le40,neutral,ring
CCCCCC/C=C\CCCCCCC(O)CNCc1ccco1,epoxide_opening_amine,le40,neutral,ring
CCCCCCC/C=C\CCCCCCCC(O)CN1CCCNCC1,epoxide_opening_amine,le40,neutral,ring
CCCCCCCCCCCCCCCCCCCCC(O)CNC1CCN(C)CC1,epoxide_opening_amine,le40,neutral,ring
CCCCCC/C=C\CCCCCCC(O)CNCCCN1CCCC1,epoxide_opening_amine,le40,neutral,ring
CCCCCCCC/C=C\C/C=C\CCCCCCCCC(O)CN1CCN(CCN)CC1,epoxide_opening_amine,le40,neutral,ring
CCC(C)CCC(O)CN1CCCNCC1,epoxide_opening_amine,le40,neutral,ring
CCCCCCCCCCCCCCCCCCC(C)CCC(O)CN1CCN(C)CC1,epoxide_opening_amine,le40,neutral,ring
CCCC/C=C\CCCCC(O)CNCCCN1CCCC1,epoxide_opening_amine,le40,neutral,ring
CCCCCCC(C)CCC(O)CNCCc1cnc[nH]1,epoxide_opening_amine,le40,neutral,ring
CCCCCCCCCCC(C)CCC(O)CNCC1CCCN1CC,epoxide_opening_amine,le40,neutral,ring
CCCCCCCCCCCCCCC(C)CCC(O)CNc1cc(C)nn1C,epoxide_opening_amine,le40,neutral,ring
CCCCCCCCC(O)CNC1CCCCC1,epoxide_opening_amine,le40,neutral,ring
CCCCC(C)CCC(O)CN1CCNCC1,epoxide_opening_amine,le40,neutral,ring
CCCCCCCCC/C=C\CCCCCCCCCC(O)CNN1CCOCC1,epoxide_opening_amine,le40,neutral,ring
CCCCCCCCCCCCCCC(C)CCC(O)CNCCCN1CCOCC1,epoxide_opening_amine,le40,neutral,ring
CCCCC(C)CCC(O)CNCCN1CCNCC1,epoxide_opening_amine,le40,neutral,ring
CCCCCC/C=C\CCCCCCC(O)CNCCN1CCNCC1,epoxide_opening_amine,le40,neutral,ring
CCCCCCCC/C=C\CCCCCCCCC(O)CNCCN1CCCCC1,epoxide_opening_amine,le40,neutral,ring
CCCCCCCCCCCCCCCCCCC(O)CNc1cn[nH]c1,epoxide_opening_amine,le40,neutral,ring
CCCCCCC/C=C\C/C=C\CCCCCCCC(O)CN1CCN(C)CC1,epoxide_opening_amine,le40,neutral,ring
CCCCCCCCCCCCC(O)CNC1CCNCC1,epoxide_opening_amine,le40,neutral,ring
CCC(C)CCC(O)CNC1CCN(C)CC1,epoxide_opening_amine,le40,neutral,ring
CCCCCCCCCCC(C)CCC(O)CNCCCN1CCOCC1,epoxide_opening_amine,le40,neutral,ring
CCCCCCC/C=C\C/C=C\CCCCCCCC(O)CN1CCCC1,epoxide_opening_amine,le40,neutral,ring
CCCCCCCCCCCCCCCCC(O)CN1CCN(CCN)CC1,epoxide_opening_amine,le40,neutral,ring
CCCCCCCCCCC(C)CCC(O)CN1CCCCC1,epoxide_opening_amine,le40,neutral,ring
CCCCCCCC/C=C\CCCCCCCCC(O)CNCCc1ccccc1,epoxide_opening_amine,le40,neutral,ring
CCCCCCCCCCC(O)CNCCN1CCOCC1,epoxide_opening_amine,le40,neutral,ring
CCCCCC/C=C\C/C=C\CCCCCCC(O)CNCCN1CCOCC1,epoxide_opening_amine,le40,neutral,ring
CCCCCCC/C=C\CCCCCCCC(O)CN1CCC(N)CC1,epoxide_opening_amine,le40,neutral,ring
CCCCCCCCCCCCCCCCCCC(O)CN1CCCCC1,epoxide_opening_amine,le40,neutral,ring
CCCCCCC/C=C\CCCCCCCC(O)CNCCc1ccccc1,epoxide_opening_amine,le40,neutral,ring
CCCCCCCCCCCCCCCCCCCCCCC(O)CN1CCOCC1,epoxide_opening_amine,le40,neutral,ring
CCCCCCCCCCC(O)CNC1CCN(C)CC1,epoxide_opening_amine,le40,neutral,ring
CCCCC/C=C\CCCCCC(O)CN1CCN(C)CC1,epoxide_opening_amine,le40,neutral,ring
CCCCCCCCC(C)CCC(O)CNCCN1CCCC1,epoxide_opening_amine,le40,neutral,ring
CCC(C)CCC(O)CNCCc1ccccc1,epoxide_opening_amine,le40,neutral,ring
CCCCCCCCCCC(C)CCC(O)CNN1CCCCC1,epoxide_opening_amine,le40,neutral,ring
CCCCCC/C=C\C/C=C\CCCCCCC(O)CNC1CCNCC1,epoxide_opening_amine,le40,neutral,ring
CCCCCCCCCCCCCCCCC(O)CNCc1ccco1,epoxide_opening_amine,le40,neutral,ring
CCCCCCCCCCCCCCCCC(O)CNc1cc(C)nn1C,epoxide_opening_amine,le40,neutral,ring
CCCC/C=C\C/C=C\CCCCC(O)CNCCN1CCOCC1,epoxide_opening_amine,le40,neutral,ring
CCCCCCCCCC/C=C\CCCCCCCCCCC(O)CN1CCC(N)CC1,epoxide_opening_amine,le40,neutral,ring
CCCCC/C=C\C/C=C\CCCCCC(O)CN1CCNCC1,epoxide_opening_amine,le40,neutral,ring
CCCC/C=C\C/C=C\CCCCC(O)CN1CCCNCC1,epoxide_opening_amine,le40,neutral,ring
CCCCC(C)CCC(O)CNCCCN1CCCC1,epoxide_opening_amine,le40,neutral,ring
CCCCCCCCCCCCCCCCCCC(O)CNCCCN1CCOCC1,epoxide_opening_amine,le40,neutral,ring
CCCCCCCCCC/C=C\CCCCCCCCCCC(O)CNc1cc(C)nn1C,epoxide_opening_amine,le40,neutral,ring
CCCCCCC/C=C\CCCCCCCC(O)CNC1CCN(C)CC1,epoxide_opening_amine,le40,neutral,ring
CCCCCCCCCCCCC(O)CNCCc1ccccc1,epoxide_opening_amine,le40,neutral,ring
CCCCCCCCCCCCCCCCCCCCC(O)CNC1CCCCC1,epoxide_opening_amine,le40,neutral,ring
CCC(C)CCC(O)CNc1cn[nH]c1,epoxide_opening_amine,le40,neutral,ring
CCCCCCCCCCCCCCCCCCCCC(O)CN1CCCC1,epoxide_opening_amine,le40,neutral,ring
CCCCCCC(C)CCC(O)CNc1cc(C)nn1C,epoxide_opening_amine,le40,neutral,ring
CCCCCCC(O)CN1CCOCC1,epoxide_opening_amine,le40,neutral,ring
CCCCCCCC/C=C\C/C=C\CCCCCCCCC(O)CN1CCN(C)CC1,epoxide_opening_amine,le40,neutral,ring
CCCCCCCCCCC(C)CCC(O)CNCc1ccco1,epoxide_opening_amine,le40,neutral,ring
CCCC/C=C\CCCCC(OC(=O)CCC(C)CCCCCCCCCC)C(=O)NCCC(C)CCCCCCCCCCCCCC,passerini_3cr,41_64,neutral,acyclic
CCCC/C=C\CCCCC(=O)OC(CCCCCCCCC/C=C\CCCCCCCCC)C(=O)NCCC(C)CCCCCCCC,passerini_3cr,41_64,neutral,acyclic
CCCCCC/C=C\C/C=C\CCCCCCC(OC(=O)CCCCCCCCCCCCCCCC)C(=O)NCCC(C)CCCCCCCC,passerini_3cr,41_64,neutral,acyclic
CCCCCCCCCCCCCCCCCCCCCCNC(=O)C(CCC(C)CCCC)OC(=O)CCC(C)CCCCCCCCCCCCCCCC,passerini_3cr,41_64,neutral,acyclic
CCCC/C=C\CCCCNC(=O)C(CCCCCCCC/C=C\CCCCCCCC)OC(=O)CCCCCCCCCC/C=C\CCCCCCCCCC,passerini_3cr,41_64,neutral,acyclic
CCCCC/C=C\C/C=C\CCCCCCCC(=O)OCCCCCC(OC(=O)CCC(C)CCCC)C(=O)NCCCCCCCCCC/C=C\CCCCCCCCCC,passerini_3cr,41_64,neutral,acyclic
CCCCCC/C=C\CCCCCCNC(=O)C(CCC(C)CC)OC(=O)CCCCCC/C=C\CCCCCC,passerini_3cr,41_64,neutral,acyclic
CCCCCCCCCC/C=C\CCCCCCCCCCC(OC(=O)CCCCCCCCCCCCCCCC)C(=O)NCCCCCCCCCCCCCCCC,passerini_3cr,41_64,neutral,acyclic
CCCCCC/C=C\CCCCCCNC(=O)C(CCC(C)CCCCCCCCCCCCCCCCCC)OC(=O)CCC(C)CCCCCCCCCCCCCC,passerini_3cr,41_64,neutral,acyclic
CCCCCCC/C=C\C/C=C\CCCCCCCC(=O)OC(CCCCCOC(=O)CCCCCCCCCCCCCCC)C(=O)NCCC(C)CC,passerini_3cr,41_64,neutral,acyclic
CCCCC/C=C\C/C=C\CCCCCC(=O)OC(CCCCCCCC/C=C\CCCCCCCC)C(=O)NCCCCC/C=C\CCCCC,passerini_3cr,41_64,neutral,acyclic
CCCCCCCCCCCCCCCCCCCCC(OC(=O)CCCCCC)C(=O)NCCC(C)CCCCCC,passerini_3cr,41_64,neutral,acyclic
CCCCCCCCCCCCCCCCCCCCCCC(OC(=O)CCC(C)CCCCCC)C(=O)NCCCCCCCCCCCCCC,passerini_3cr,41_64,neutral,acyclic
CCCCCC/C=C\CCCCCCNC(=O)C(CCCCCCCC)OC(=O)CCCCCCCCC/C=C\CCCCCCCCC,passerini_3cr,41_64,neutral,acyclic
CCCCCCCCCCCCCCC(OC(=O)CCCCCCCCCCCC)C(=O)NCCCCCCCCCCCC,passerini_3cr,41_64,neutral,acyclic
CCCCCCCCCCCCCCCCCCCCCCC(OC(=O)CCCCCCCCCC)C(=O)NCCCCCCCCCCCCCCCCCC,passerini_3cr,41_64,neutral,acyclic
CCCCCCCC/C=C\CCCCCCCCNC(=O)C(CCCCCOC(=O)CCC(C)CCCCC)OC(=O)CCCCCCCC,passerini_3cr,41_64,neutral,acyclic
CCCCC/C=C\CCCCCC(=O)OC(CCCCCCC/C=C\C/C=C\CCCCCCC)C(=O)NCCCCCCCC/C=C\C/C=C\CCCCCCCC,passerini_3cr,41_64,neutral,acyclic
CCCCC/C=C\CCCCCC(OC(=O)CCCCCCCCCCCCCCCCCC)C(=O)NCCC(C)CCCCCCCCCCCCCCCC,passerini_3cr,41_64,neutral,acyclic
CCCCCCCCCCCCCCCCCCCCNC(=O)C(CCC(C)CCCCCCCCCCCCCCCCCC)OC(=O)CCCCCCCCCCCCCC,passerini_3cr,41_64,neutral,acyclic
CCCCCC/C=C\C/C=C\CCCCCCC(=O)OC(CCCCCCCCCCCCCCCC)C(=O)NCCC(C)CCCCCCCCCCCCCCCCCC,passerini_3cr,41_64,neutral,acyclic
CCCCC/C=C\C/C=C\CCCCCC(=O)OC(CCC(C)CCCCCC)C(=O)NCCCCCC/C=C\CCCCCC,passerini_3cr,41_64,neutral,acyclic
CCCCCCCCCCCCCCCCCCCCNC(=O)C(CCC(C)CC)OC(=O)CCCCCCCCCCCCCCCC,passerini_3cr,41_64,neutral,acyclic
CCCCCCCC/C=C\C/C=C\CCCCCCCCNC(=O)C(CCCCCOC(=O)CCCCCCCCCCCCCCC)OC(=O)CCCCCCCCCC,passerini_3cr,41_64,neutral,acyclic
CCCCCCCC/C=C\CCCCCCCCC(OC(=O)CCC(C)CCCCCCCCCCCCCCCC)C(=O)NCCCCCCCCCCCCCC,passerini_3cr,41_64,neutral,acyclic
CCCCCC/C=C\CCCCCCNC(=O)C(CCC(C)CCCCCCCCCCCCCCCC)OC(=O)CCC(C)CCCCCC,passerini_3cr,41_64,neutral,acyclic
CCCCCCCCCC/C=C\CCCCCCCCCCC(OC(=O)CCC(C)CCCCCCCC)C(=O)NCCCCCCCCCCCCCCCCCCCCCC,passerini_3cr,41_64,neutral,acyclic
CCCCCCCC/C=C\CCCCCCCCC(=O)OC(CCCCCCCC/C=C\CCCCCCCC)C(=O)NCCC(C)CCCCCCCCCCCCCC,passerini_3cr,41_64,neutral,acyclic
CCCCCCC/C=C\CCCCCCCNC(=O)C(CCCCCCCCCC)OC(=O)CCC(C)CCCCCC,passerini_3cr,41_64,neutral,acyclic
CCCC/C=C\C/C=C\CCCCC(=O)OC(CCC(C)CCCCCCCCCCCCCC)C(=O)NCCC(C)CCCCCCCCCCCCCCCCCC,passerini_3cr,41_64,neutral,acyclic
CCCCC/C=C\C/C=C\CCCCCC(OC(=O)CCCCCCCCCC)C(=O)NCCCCCCCCCCCCCCCCCC,passerini_3cr,41_64,neutral,acyclic
C#CCCCCCCCCC(=O)OCCCCCC(OC(=O)CCC(C)CCCCCCCCCCCC)C(=O)NCCCCCC/C=C\CCCCCC,passerini_3cr,41_64,neutral,acyclic
CCCC/C=C\C/C=C\CCCCNC(=O)C(CCCCCCCCCCCC)OC(=O)CCCCCC/C=C\C/C=C\CCCCCC,passerini_3cr,41_64,neutral,acyclic
CCCCCC/C=C\C/C=C\CCCCCCC(=O)OC(CCCCCCCC/C=C\CCCCCCCC)C(=O)NCCC(C)CCCCCCCCCCCCCCCC,passerini_3cr,41_64,neutral,acyclic
CCCCCCC/C=C\CCCCCCCNC(=O)C(CCCCCC)OC(=O)CCC(C)CCCCCCCCCCCCCCCCCC,passerini_3cr,41_64,neutral,acyclic
CCCC/C=C\C/C=C\CCCCC(=O)OC(CCCCCC/C=C\C/C=C\CCCCCC)C(=O)NCCC(C)CCCCCCCCCCCCCCCC,passerini_3cr,41_64,neutral,acyclic
CCCCCCCCCCCCCCCCCCCCC(=O)OC(CCCCCC)C(=O)NCCC(C)CCCCCC,passerini_3cr,41_64,neutral,acyclic
CCCC/C=C\CCCCNC(=O)C(CCCCCOC(=O)CCCCCCC/C=C\C/C=C\CCCCC)OC(=O)CCCCCCCC/C=C\C/C=C\CCCCCCCC,passerini_3cr,41_64,neutral,acyclic
CCCCCCCCCC/C=C\CCCCCCCCCCC(OC(=O)CCC(C)CCCCCC)C(=O)NCCC(C)CCCCCCCCCCCCCCCC,passerini_3cr,41_64,neutral,acyclic
CCCCCCCCCCCCCCCCCCCCC(=O)OC(CCCCCCCCCC)C(=O)NCCC(C)CCCCCCCCCC,passerini_3cr,41_64,neutral,acyclic
CCCCC/C=C\C/C=C\CCCCCNC(=O)C(CCCCCOC(=O)/C=C\CCCCCCC)OC(=O)CCC(C)CCCCCCCC,passerini_3cr,41_64,neutral,acyclic
CCCCCCCC/C=C\CCCCCCCCC(OC(=O)CCC(C)CCCCCCCCCCCCCCCCCC)C(=O)NCCCCCCCC,passerini_3cr,41_64,neutral,acyclic
CCCCC/C=C\CCCCCNC(=O)C(CCCCCOC(=O)CCCCCCCCC)OC(=O)CCCCCC/C=C\CCCCCC,passerini_3cr,41_64,neutral,acyclic
C=CCCCCCCCCC(=O)OCCCCCC(OC(=O)CCCCC/C=C\CCCCC)C(=O)NCCCC/C=C\C/C=C\CCCC,passerini_3cr,41_64,neutral,acyclic
CCCCC/C=C\CCCCCNC(=O)C(CCCCCOC(=O)CCCCCCCC)OC(=O)CCCCCC,passerini_3cr,41_64,neutral,acyclic
CCCCCCCCCCCCCCCCCCCCCCC(=O)OC(CCC(C)CCCCCCCCCCCCCCCC)C(=O)NCCCCCCCCCC,passerini_3cr,41_64,neutral,acyclic
CCCCCCC/C=C\C/C=C\CCCCCCCC(OC(=O)CCC(C)CCCCCCCCCCCC)C(=O)NCCC(C)CCCCCCCCCCCCCCCC,passerini_3cr,41_64,neutral,acyclic
CCCCCC/C=C\CCCCCCNC(=O)C(CCC(C)CC)OC(=O)CCC(C)CCCCCCCCCCCCCCCCCC,passerini_3cr,41_64,neutral,acyclic
C#CCCCCCCCCC(=O)OCCCCCC(OC(=O)CCC(C)CCCCCCCC)C(=O)NCCC(C)CCCCCCCCCC,passerini_3cr,41_64,neutral,acyclic
CCCCCCCC/C=C\C/C=C\CCCCCCCCNC(=O)C(CCC(C)CC)OC(=O)CCC(C)CCCCCCCC,passerini_3cr,41_64,neutral,acyclic
CCCCCCCCCCCCC(C)CCNC(=O)C(CCCCCC)OC(=O)CCC(C)CCCCCCCCCCCC,passerini_3cr,41_64,neutral,acyclic
CCCCCCCCCC/C=C\CCCCCCCCCCC(OC(=O)CCC(C)CC)C(=O)NCCCCCCCCCCCC,passerini_3cr,41_64,neutral,acyclic
CCCCC/C=C\CCCCCNC(=O)C(CCC(C)CCCCCCCCCCCCCCCCCC)OC(=O)CCCCCCCCCCCCCCCCCCCCCC,passerini_3cr,41_64,neutral,acyclic
CCCCC/C=C\CCCCCC(OC(=O)CCCCCCC/C=C\CCCCCCC)C(=O)NCCCCCC/C=C\C/C=C\CCCCCC,passerini_3cr,41_64,neutral,acyclic
CCCCCCC/C=C\CCCCCCCNC(=O)C(CCCCCCCCCCCCCC)OC(=O)CCCCCCCC/C=C\C/C=C\CCCCCCCC,passerini_3cr,41_64,neutral,acyclic
CCCCCCC/C=C\CCCCCCCC(=O)OC(CCCCCCCCCCCCCCCCCCCCCC)C(=O)NCCC(C)CCCCCCCC,passerini_3cr,41_64,neutral,acyclic
CCCCCCC/C=C\C/C=C\CCCCCCCC(OC(=O)CCCCCCCCCCCCCCCCCC)C(=O)NCCCCCCCCCCCC,passerini_3cr,41_64,neutral,acyclic
CCCC/C=C\CCCCC(OC(=O)CCC(C)CCCCCCCCCCCCCCCC)C(=O)NCCCCCCCCCC,passerini_3cr,41_64,neutral,acyclic
CCCCCCCCCCCCCCCCNC(=O)C(CCC(C)CCCCCCCCCCCCCC)OC(=O)CCC(C)CCCCCC,passerini_3cr,41_64,neutral,acyclic
CCCC/C=C\CCCCNC(=O)C(CCCCCCCC/C=C\C/C=C\CCCCCCCC)OC(=O)CCCCCCCCCCCCCCCC,passerini_3cr,41_64,neutral,acyclic
CCCCC/C=C\C/C=C\CCCCCCCC(=O)OCCCCCC(OC(=O)CCCCCCCCCC/C=C\CCCCCCCCCC)C(=O)NCCC(C)CCCCCCCCCC,passerini_3cr,65_96,neutral,acyclic
CCCCCCCC/C=C\C/C=C\CCCCCCCCC(=O)OC(CCCCCCCCCCCCCCCCCCCCCC)C(=O)NCCC(C)CCCCCCCCCCCC,passerini_3cr,65_96,neutral,acyclic
CCCC/C=C\C/C=C\CCCCNC(=O)C(CCCCCOC(=O)CCCCCCC/C=C\C/C=C\CCCCC)OC(=O)CCCCCCCCCCCCCCCCCCCC,passerini_3cr,65_96,neutral,acyclic
CCCCC/C=C\C/C=C\CCCCCCCC(=O)OCCCCCC(OC(=O)CCCCCCCCCCCCCCCC)C(=O)NCCCCCC/C=C\C/C=C\CCCCCC,passerini_3cr,65_96,neutral,acyclic
CCCCCCCCC/C=C\CCCCCCCCCC(=O)OC(CCC(C)CCCCCCCCCCCCCC)C(=O)NCCCCCCCCCCCCCCCCCCCC,passerini_3cr,65_96,neutral,acyclic
CCCCCCCCC/C=C\CCCCCCCCCC(=O)OC(CCC(C)CCCCCCCCCCCCCCCCCC)C(=O)NCCCCCCCCCC/C=C\CCCCCCCCCC,passerini_3cr,65_96,neutral,acyclic
CCCCCCC/C=C\C/C=C\CCCCCCCNC(=O)C(CCC(C)CCCCCCCCCCCCCCCC)OC(=O)CCCCCCCCCC/C=C\CCCCCCCCCC,passerini_3cr,65_96,neutral,acyclic
CCCCCCCC/C=C\C/C=C\CCCCCCCCC(OC(=O)CCCCCCCC/C=C\CCCCCCCC)C(=O)NCCCCCCCCC/C=C\CCCCCCCCC,passerini_3cr,65_96,neutral,acyclic
CCCCCCCCC/C=C\CCCCCCCCCC(=O)OC(CCC(C)CCCCCCCCCCCC)C(=O)NCCCCCCCCCCCCCCCCCCCCCC,passerini_3cr,65_96,neutral,acyclic
CCCCCCCC/C=C\CCCCCCCC(=O)OCCCCCC(OC(=O)CCC(C)CCCCCCCCCCCCCC)C(=O)NCCC(C)CCCCCCCCCCCCCCCC,passerini_3cr,65_96,neutral,acyclic
CCCCCCCCCCCCCCCCCCC(C)CCNC(=O)C(CCC(C)CCCCCCCCCCCCCCCC)OC(=O)CCC(C)CCCCCCCCCCCCCC,passerini_3cr,65_96,neutral,acyclic
CCCCC/C=C\C/C=C\CCCCCCCC(=O)OCCCCCC(OC(=O)CCCCCCCCC/C=C\CCCCCCCCC)C(=O)NCCC(C)CCCCCCCCCCCCCCCC,passerini_3cr,65_96,neutral,acyclic
CCCCCCC/C=C\CCCCCCCC(=O)OC(CCCCCOC(=O)CCCCCCCCCCCCCCCCC)C(=O)NCCC(C)CCCCCCCCCCCCCC,passerini_3cr,65_96,neutral,acyclic
CCCCCCCCCCCCCCCCCCCCCCC(=O)OC(CCCCCOC(=O)CCCCCCCCCCCCCCCCC)C(=O)NCCC(C)CCCCCCCCCCCCCCCCCC,passerini_3cr,65_96,neutral,acyclic
CCCCCCC/C=C\C/C=C\CCCCCCCNC(=O)C(CCCCCCCCCCCCCCCCCCCC)OC(=O)CCCCCCCCCCCCCCCCCCCC,passerini_3cr,65_96,neutral,acyclic
CCCCC/C=C\C/C=C\CCCCCCCC(=O)OCCCCCC(OC(=O)CCCCCCCCCC/C=C\CCCCCCCCCC)C(=O)NCCC(C)CCCCCCCCCCCCCCCCCC,passerini_3cr,65_96,neutral,acyclic
CCCCC/C=C\C/C=C\CCCCCCCC(=O)OCCCCCC(OC(=O)CCCCCCCCC/C=C\CCCCCCCCC)C(=O)NCCCCCCCCCCCCCCCCCCCC,passerini_3cr,65_96,neutral,acyclic
CCCCCCC/C=C\C/C=C\CCCCCCCC(=O)OC(CCC(C)CCCCCCCCCCCCCC)C(=O)NCCCCCCCC/C=C\C/C=C\CCCCCCCC,passerini_3cr,65_96,neutral,acyclic
CCCCCCCCCCCCCCCCCCCCCCC(=O)OC(CCCCCCCCCCCCCCCCCC)C(=O)NCCC(C)CCCCCCCCCCCCCC,passerini_3cr,65_96,neutral,acyclic
CCCCCCCC/C=C\CCCCCCCCNC(=O)C(CCCCCCCCCC/C=C\CCCCCCCCCC)OC(=O)CCC(C)CCCCCCCCCCCCCC,passerini_3cr,65_96,neutral,acyclic
CCCCCCCC/C=C\CCCCCCCCC(=O)OC(CCCCCOC(=O)CCCCCCC/C=C\CCCCCCCC)C(=O)NCCCCCCCCCCCCCCCCCC,passerini_3cr,65_96,neutral,acyclic
CCCCCCCC/C=C\CCCCCCCCC(=O)OC(CCCCCOC(=O)CCCCCCC/C=C\CCCCCCCC)C(=O)NCCCCCCCCCCCCCCCCCCCC,passerini_3cr,65_96,neutral,acyclic
C#CCCCCCCCCC(=O)OCCCCCC(OC(=O)CCCCCCCCCCCCCCCCCCCC)C(=O)NCCCCCCCCC/C=C\CCCCCCCCC,passerini_3cr,65_96,neutral,acyclic
CCCCC/C=C\C/C=C\CCCCCNC(=O)C(CCCCCCCCCCCCCCCCCCCCCC)OC(=O)CCCCCCCCCCCCCCCCCCCCCC,passerini_3cr,65_96,neutral,acyclic
CCCCCCCC/C=C\C/C=C\CCCCCCCCC(=O)OC(CCC(C)CCCCCCCCCCCCCCCCCC)C(=O)NCCCCCCCCCCCCCCCCCCCC,passerini_3cr,65_96,neutral,acyclic
CCCCCCCCCC/C=C\CCCCCCCCCCC(=O)OC(CCCCCCCCCCCCCCCCCCCC)C(=O)NCCCCCCCCCCCCCCCC,passerini_3cr,65_96,neutral,acyclic
CCCCCCCC/C=C\CCCCCCCCNC(=O)C(CCCCCCCCCC/C=C\CCCCCCCCCC)OC(=O)CCCCCCCCCC/C=C\CCCCCCCCCC,passerini_3cr,65_96,neutral,acyclic
CCCCCCCCCCCCCCCCCCCCCCNC(=O)C(CCCCCCCCCCCCCC)OC(=O)CCC(C)CCCCCCCCCCCCCCCCCC,passerini_3cr,65_96,neutral,acyclic
CCCCCCC/C=C\CCCCCCCNC(=O)C(CCCCCCCCCC/C=C\CCCCCCCCCC)OC(=O)CCCCCCCCCCCCCCCCCCCC,passerini_3cr,65_96,neutral,acyclic
CCCCCCCCC/C=C\CCCCCCCCCNC(=O)C(CCCCCCCCCCCCCCCCCC)OC(=O)CCCCCCCCCCCCCCCCCCCC,passerini_3cr,65_96,neutral,acyclic
CCCCCCCC/C=C\C/C=C\CCCCCCCCC(=O)OC(CCCCCCCCCCCCCCCCCC)C(=O)NCCCCCCCCCCCCCCCCCCCCCC,passerini_3cr,65_96,neutral,acyclic
CCCCCCC/C=C\C/C=C\CCCCCCCC(=O)OC(CCCCCCCCCC/C=C\CCCCCCCCCC)C(=O)NCCCCCCCCCC/C=C\CCCCCCCCCC,passerini_3cr,65_96,neutral,acyclic
C#CCCCCCCCCC(=O)OCCCCCC(OC(=O)CCCCCCCC/C=C\C/C=C\CCCCCCCC)C(=O)NCCC(C)CCCCCCCCCCCCCCCC,passerini_3cr,65_96,neutral,acyclic
CCCCCCCCCCCCCCCCCCCCCCNC(=O)C(CCCCCOC(=O)CCCCCCCCCC)OC(=O)CCCCCCCCCCCCCCCCCC,passerini_3cr,65_96,neutral,acyclic
CCCCCCCCCCCCCCCCCCCCNC(=O)C(CCCCCOC(=O)CCCCCCCCCCCCCCC)OC(=O)CCC(C)CCCCCCCCCCCCCC,passerini_3cr,65_96,neutral,acyclic
CCCCCCCC/C=C\CCCCCCCCNC(=O)C(CCCCCCCCC/C=C\CCCCCCCCC)OC(=O)CCC(C)CCCCCCCCCCCCCCCC,passerini_3cr,65_96,neutral,acyclic
CCCCCCCCCC/C=C\CCCCCCCCCCNC(=O)C(CCC(C)CCCCCCCCCCCCCC)OC(=O)CCCCCCCCCCCCCCCCCC,passerini_3cr,65_96,neutral,acyclic
CCCCCCC/C=C\C/C=C\CCCCCCCC(=O)OC(CCCCCCCCCCCCCCCCCCCCCC)C(=O)NCCCCCCCC/C=C\C/C=C\CCCCCCCC,passerini_3cr,65_96,neutral,acyclic
CCCCC/C=C\C/C=C\CCCCCNC(=O)C(CCCCCOC(=O)CCCCCCCCCCCCCCCCC)OC(=O)CCCCCCCCCC/C=C\CCCCCCCCCC,passerini_3cr,65_96,neutral,acyclic
CCCCCCCCCC/C=C\CCCCCCCCCCC(=O)OC(CCC(C)CCCCCCCCCCCCCC)C(=O)NCCC(C)CCCCCCCCCCCCCCCCCC,passerini_3cr,65_96,neutral,acyclic
CCCCCCCCCC/C=C\CCCCCCCCCCC(OC(=O)CCCCCCCCCCCCCCCCCCCCCC)C(=O)NCCCCCCCCCCCCCCCCCC,passerini_3cr,65_96,neutral,acyclic
CCCCCCCCCC/C=C\CCCCCCCCCCNC(=O)C(CCCCCOC(=O)CCCCCCCCCCCCCCC)OC(=O)CCCCCCCCCCCCCCCC,passerini_3cr,65_96,neutral,acyclic
CCCCC/C=C\C/C=C\CCCCCCCC(=O)OCCCCCC(OC(=O)CCCCCCCCCCCCCCCCCCCC)C(=O)NCCCCCCCC/C=C\C/C=C\CCCCCCCC,passerini_3cr,65_96,neutral,acyclic
CCCCCCCCCCCCCCCCCCCCC(=O)OC(CCCCCOC(=O)CCCCCCCCCCCCCCC)C(=O)NCCC(C)CCCCCCCCCCCC,passerini_3cr,65_96,neutral,acyclic
CCCCCCCC/C=C\CCCCCCCC(=O)OCCCCCC(OC(=O)CCC(C)CCCCCCCCCCCCCCCC)C(=O)NCCCCCCCCCCCCCCCCCCCC,passerini_3cr,65_96,neutral,acyclic
CCCCCCCC/C=C\C/C=C\CCCCCCCCC(OC(=O)CCCCCCCCCCCCCCCCCCCCCC)C(=O)NCCCCCCCCCCCCCCCCCCCCCC,passerini_3cr,65_96,neutral,acyclic
CCCCCCCC/C=C\CCCCCCCC(=O)OCCCCCC(OC(=O)CCC(C)CCCCCCCCCCCCCCCCCC)C(=O)NCCCCCCCCCCCCCC,passerini_3cr,65_96,neutral,acyclic
CCCCCCCCCCCCCCCCCCCCCCNC(=O)C(CCCCCCCCCCCCCCCCCCCC)OC(=O)CCCCCCCCCCCCCCCCCCCCCC,passerini_3cr,65_96,neutral,acyclic
CCCCCCCCCC/C=C\CCCCCCCCCCNC(=O)C(CCCCCCCCCCCCCCCC)OC(=O)CCC(C)CCCCCCCCCCCCCCCC,passerini_3cr,65_96,neutral,acyclic
CCCCCCCCCCCCCCCCCCC(=O)OC(CCCCCOC(=O)CCCCCCCCCCCCCCC)C(=O)NCCC(C)CCCCCCCCCCCCCCCC,passerini_3cr,65_96,neutral,acyclic
CCCCC/C=C\C/C=C\CCCCCCCC(=O)OCCCCCC(OC(=O)CCCCCCCC/C=C\C/C=C\CCCCCCCC)C(=O)NCCC(C)CCCCCCCCCCCCCC,passerini_3cr,65_96,neutral,acyclic
CCCCCCCC/C=C\C/C=C\CCCCCCCCC(=O)OC(CCCCCCCCC/C=C\CCCCCCCCC)C(=O)NCCCCCCCC/C=C\CCCCCCCC,passerini_3cr,65_96,neutral,acyclic
CCCCC/C=C\C/C=C\CCCCCCCC(=O)OCCCCCC(OC(=O)CCC(C)CCCCCCCCCCCCCCCCCC)C(=O)NCCCCCCCCCCCCCCCCCCCCCC,passerini_3cr,65_96,neutral,acyclic
CCCCC/C=C\C/C=C\CCCCCC(OC(=O)CCCCCCCC/C=C\C/C=C\CCCCCCCC)C(=O)NCCC(C)CCCCCCCCCCCCCCCCCC,passerini_3cr,65_96,neutral,acyclic
CCCCCCCCCCCCCCCCCCCCCCNC(=O)C(CCCCCOC(=O)CCCCCCCC)OC(=O)CCCCCCCCCCCCCCCCCCCCCC,passerini_3cr,65_96,neutral,acyclic
CCCCCCCCCC/C=C\CCCCCCCCCCNC(=O)C(CCCCCOC(=O)CCCCCCCCCCCCCCC)OC(=O)CCCCCCCCCCCCCCCCCCCCCC,passerini_3cr,65_96,neutral,acyclic
CCCCCCCCC/C=C\CCCCCCCCCNC(=O)C(CCCCCCCCC/C=C\CCCCCCCCC)OC(=O)CCCCCCCCCCCCCCCCCC,passerini_3cr,65_96,neutral,acyclic
CCCCCCC/C=C\CCCCCCCC(=O)OC(CCCCCCCCC/C=C\CCCCCCCCC)C(=O)NCCCCCCCCCCCCCCCCCCCCCC,passerini_3cr,65_96,neutral,acyclic
CCCCCCCCCC/C=C\CCCCCCCCCCC(OC(=O)CCC(C)CCCCCCCCCCCC)C(=O)NCCC(C)CCCCCCCCCCCCCCCCCC,passerini_3cr,65_96,neutral,acyclic
CCCCC/C=C\C/C=C\CCCCCCCC(=O)OCCCCCC(OC(=O)CCCCCCCCCCCCCC)C(=O)NCCCCCCCC/C=C\C/C=C\CCCCCCCC,passerini_3cr,65_96,neutral,acyclic
CCCCC/C=C\CCCCCNC(=O)C(CCC(C)CC)OC(=O)CCCCC/C=C\CCCCC,passerini_3cr,le40,neutral,acyclic
CCCCC/C=C\CCCCCC(=O)OC(CCCCCC)C(=O)NCCCCCCCC,passerini_3cr,le40,neutral,acyclic
CCCCCCCCCCCCCCC(=O)OC(CCCCCC)C(=O)NCCC(C)CCCC,passerini_3cr,le40,neutral,acyclic
CCCC/C=C\CCCCNC(=O)C(CCC(C)CCCCCCCC)OC(=O)CCCCCCCCCC,passerini_3cr,le40,neutral,acyclic
CCCCCCCCCCC(C)CCNC(=O)C(CCC(C)CC)OC(=O)CCC(C)CCCCCC,passerini_3cr,le40,neutral,acyclic
CCCCCCC/C=C\C/C=C\CCCCCCCNC(=O)C(CCC(C)CC)OC(=O)CCC(C)CCCC,passerini_3cr,le40,neutral,acyclic
CCCCCCNC(=O)C(CCCCCC)OC(=O)CCCCCC,passerini_3cr,le40,neutral,acyclic
CCCC/C=C\CCCCC(=O)OC(CCCCCCCC)C(=O)NCCC(C)CCCCCCCC,passerini_3cr,le40,neutral,acyclic
CCCCCCCCCCCCNC(=O)C(CCC(C)CCCC)OC(=O)CCC(C)CC,passerini_3cr,le40,neutral,acyclic
CCCCCCCCCCCCCCCCNC(=O)C(CCCCCCCC)OC(=O)CCC(C)CC,passerini_3cr,le40,neutral,acyclic
CCCCCCCCCCCCC(OC(=O)CCCCCC)C(=O)NCCCCCCCCCC,passerini_3cr,le40,neutral,acyclic
CCCCCCCCCCCCCCCCC(=O)OC(CCCCCC)C(=O)NCCCCCC,passerini_3cr,le40,neutral,acyclic
CCCC/C=C\CCCCC(OC(=O)CCCCC/C=C\C/C=C\CCCCC)C(=O)NCCC(C)CC,passerini_3cr,le40,neutral,acyclic
CCCCCCC/C=C\CCCCCCCC(OC(=O)CCC(C)CCCC)C(=O)NCCCCCCCC,passerini_3cr,le40,neutral,acyclic
CCCCCCCCC(OC(=O)CCC(C)CCCC)C(=O)NCCCCCC,passerini_3cr,le40,neutral,acyclic
CCCCCCCCCCCCCCC(=O)OC(CCC(C)CCCC)C(=O)NCCC(C)CCCCCC,passerini_3cr,le40,neutral,acyclic
CCCCCCCCCCCCCCC(OC(=O)CCCCCCCCCC)C(=O)NCCCCCC,passerini_3cr,le40,neutral,acyclic
CCCCCCCCCCCCCCC(C)CCNC(=O)C(CCCCCC)OC(=O)CCC(C)CC,passerini_3cr,le40,neutral,acyclic
CCCC/C=C\C/C=C\CCCCNC(=O)C(CCCCCC)OC(=O)CCCCCC/C=C\CCCCCC,passerini_3cr,le40,neutral,acyclic
CCCCC/C=C\CCCCCC(OC(=O)CCC(C)CC)C(=O)NCCC(C)CCCCCC,passerini_3cr,le40,neutral,acyclic
CCCCCCCCCCC(=O)OC(CCC(C)CC)C(=O)NCCC(C)CCCCCC,passerini_3cr,le40,neutral,acyclic
CCCCC/C=C\CCCCCC(=O)OC(CCC(C)CCCCCC)C(=O)NCCC(C)CC,passerini_3cr,le40,neutral,acyclic
CCCC/C=C\C/C=C\CCCCC(=O)OC(CCCCC/C=C\CCCCC)C(=O)NCCC(C)CCCC,passerini_3cr,le40,neutral,acyclic
CCCC/C=C\CCCCC(OC(=O)CCC(C)CCCC)C(=O)NCCC(C)CCCCCCCCCC,passerini_3cr,le40,neutral,acyclic
CCCCC/C=C\CCCCCC(OC(=O)CCC(C)CCCCCCCC)C(=O)NCCC(C)CC,passerini_3cr,le40,neutral,acyclic
CCCCCC/C=C\CCCCCCC(OC(=O)CCCCCC)C(=O)NCCCCCC,passerini_3cr,le40,neutral,acyclic
CCCCCCCCNC(=O)C(CCC(C)CCCCCC)OC(=O)CCCCCCCC,passerini_3cr,le40,neutral,acyclic
CCCCC/C=C\C/C=C\CCCCCC(=O)OC(CCC(C)CC)C(=O)NCCCCCCCCCC,passerini_3cr,le40,neutral,acyclic
CCCCCCCCNC(=O)C(CCC(C)CCCC)OC(=O)CCCCCCCC,passerini_3cr,le40,neutral,acyclic
CCCCCCCCCCCCCCC(C)CCC(=O)OC(CCCCCCCC)C(=O)NCCCCCC,passerini_3cr,le40,neutral,acyclic
CCCC/C=C\CCCCNC(=O)C(CCCCCCCC)OC(=O)CCCCCC,passerini_3cr,le40,neutral,acyclic
CCCCCCCCNC(=O)C(CCC(C)CC)OC(=O)CCC(C)CCCC,passerini_3cr,le40,neutral,acyclic
CCCCCCCCCCC(C)CCC(OC(=O)CCC(C)CCCC)C(=O)NCCCCCC,passerini_3cr,le40,neutral,acyclic
CCCC/C=C\CCCCC(OC(=O)CCCCCCCCCC)C(=O)NCCC(C)CCCC,passerini_3cr,le40,neutral,acyclic
CCCCCCCC/C=C\CCCCCCCCNC(=O)C(CCC(C)CCCC)OC(=O)CCCCCC,passerini_3cr,le40,neutral,acyclic
CCCC/C=C\CCCCNC(=O)C(CCCCC/C=C\C/C=C\CCCCC)OC(=O)CCCCCC,passerini_3cr,le40,neutral,acyclic
CCCCCCCCCCCCCCC(=O)OC(CCCCCCCCCC)C(=O)NCCCCCCCC,passerini_3cr,le40,neutral,acyclic
CCCCCCCCCCC(OC(=O)CCC(C)CCCCCC)C(=O)NCCC(C)CC,passerini_3cr,le40,neutral,acyclic
CCCCCCCCCCCCCCCCCCC(=O)OC(CCCCCC)C(=O)NCCCCCC,passerini_3cr,le40,neutral,acyclic
CCCCC(C)CCC(=O)OC(CCC(C)CCCC)C(=O)NCCC(C)CC,passerini_3cr,le40,neutral,acyclic
CCCCCCCCCCCCCCNC(=O)C(CCC(C)CC)OC(=O)CCC(C)CC,passerini_3cr,le40,neutral,acyclic
CCCCCCCCNC(=O)C(CCCCCC)OC(=O)CCC(C)CC,passerini_3cr,le40,neutral,acyclic
CCCCCCCCCCCCCCCCCCNC(=O)C(CCC(C)CC)OC(=O)CCC(C)CCCC,passerini_3cr,le40,neutral,acyclic
CCCCCCCC/C=C\C/C=C\CCCCCCCCC(OC(=O)CCCCCC)C(=O)NCCC(C)CC,passerini_3cr,le40,neutral,acyclic
CCCCCCCCCCCCCCNC(=O)C(CCCCCC)OC(=O)CCCCCCCC,passerini_3cr,le40,neutral,acyclic
CCCC/C=C\CCCCC(OC(=O)CCC(C)CCCC)C(=O)NCCCCCCCC,passerini_3cr,le40,neutral,acyclic
CCCCCCCCCCCCNC(=O)C(CCCCCCCCCC)OC(=O)CCCCCC,passerini_3cr,le40,neutral,acyclic
CCCCCCCCCCC(C)CCC(=O)OC(CCCCCC)C(=O)NCCCCCCCC,passerini_3cr,le40,neutral,acyclic
CCCCCCCCCCC(=O)OC(CCCCCCCC)C(=O)NCCC(C)CCCCCC,passerini_3cr,le40,neutral,acyclic
CCCC/C=C\C/C=C\CCCCNC(=O)C(CCC(C)CCCCCC)OC(=O)CCC(C)CC,passerini_3cr,le40,neutral,acyclic
CCCCCCCCCCCCNC(=O)C(CCCCCCCC)OC(=O)CCC(C)CCCCCCCC,passerini_3cr,le40,neutral,acyclic
CCCCCCCCCCCCC(C)CCNC(=O)C(CCCCCC)OC(=O)CCC(C)CCCC,passerini_3cr,le40,neutral,acyclic
CCCCCCCCCCCCCCNC(=O)C(CCC(C)CCCC)OC(=O)CCC(C)CCCC,passerini_3cr,le40,neutral,acyclic
CCCCCCCCC(C)CCNC(=O)C(CCCCCCCC)OC(=O)CCC(C)CCCCCC,passerini_3cr,le40,neutral,acyclic
CCCCCCCCC/C=C\CCCCCCCCCC(OC(=O)CCC(C)CC)C(=O)NCCC(C)CC,passerini_3cr,le40,neutral,acyclic
CCCCC/C=C\CCCCCC(=O)OC(CCCCCCCCCCCC)C(=O)NCCCCCCCC,passerini_3cr,le40,neutral,acyclic
CCCCCCCCC(C)CCNC(=O)C(CCCCCC)OC(=O)CCC(C)CCCC,passerini_3cr,le40,neutral,acyclic
CCCCCCCCCCCCC(C)CCNC(=O)C(CCC(C)CC)OC(=O)CCC(C)CCCCCC,passerini_3cr,le40,neutral,acyclic
CCCC/C=C\CCCCNC(=O)C(CCC(C)CCCCCC)OC(=O)CCCCCC,passerini_3cr,le40,neutral,acyclic
CCCCCCCCCCCCCCNC(=O)C(CCCCCCCCCC)OC(=O)CCCCCCCC,passerini_3cr,le40,neutral,acyclic
CCCCCCCC/C=C\CCCCCCCC(=O)OCCCCCCN(CCNCCN)CCNCCNCCN,reductive_amination_amine_aldehyde,41_64,neutral,acyclic
CCCCC/C=C\C/C=C\CCCCCCCC(=O)OCCCCCCN(CCN)CCNCCNCCNCCN,reductive_amination_amine_aldehyde,41_64,neutral,acyclic
CCCCCCCC/C=C\CCCCCCCC(=O)OCCCCCCN(CCN)CCNCCNCCNCCN,reductive_amination_amine_aldehyde,41_64,neutral,acyclic
CCCCCCCCCCCCCCCCCC(=O)OCCCCCCNCCNCCNCCNCCNCCN,reductive_amination_amine_aldehyde,41_64,neutral,acyclic
CCCCCCCC/C=C\CCCCCCCC(=O)OCCCCCCN(CCCCCCN)CCCCCCN,reductive_amination_amine_aldehyde,41_64,neutral,acyclic
CCCCC/C=C\C/C=C\CCCCCCCC(=O)OCCCCCCN(CCCCCCN)CCCCCCN,reductive_amination_amine_aldehyde,41_64,neutral,acyclic
CCCCCCCCCCCCCCCCCC(=O)OCCCCCCN(CCN)CCNCCNCCNCCN,reductive_amination_amine_aldehyde,41_64,neutral,acyclic
CCCCC/C=C\C/C=C\CCCCCCCC(=O)OCCCCCCNCCCCCCNCCCCCCN,reductive_amination_amine_aldehyde,41_64,neutral,acyclic
CCCCCCCC/C=C\CCCCCCCC(=O)OCCCCCCNCCNCCNCCNCCNCCN,reductive_amination_amine_aldehyde,41_64,neutral,acyclic
CCCCC/C=C\C/C=C\CCCCCCCC(=O)OCCCCCCNCCNCCNCCNCCNCCN,reductive_amination_amine_aldehyde,41_64,neutral,acyclic
CCCCCCCC/C=C\CCCCCCCC(=O)OCCCCCCNCCCCCCNCCCCCCN,reductive_amination_amine_aldehyde,41_64,neutral,acyclic
CCCCC/C=C\C/C=C\CCCCCCCC(=O)OCCCCCCN(CCNCCN)CCNCCNCCN,reductive_amination_amine_aldehyde,41_64,neutral,acyclic
CCCCCCCCCCCCCCCCCC(=O)OCCCCCCN(CCNCCN)CCNCCNCCN,reductive_amination_amine_aldehyde,41_64,neutral,acyclic
CCCCCCCCCCCCCCCCCC(=O)OCCCCCCNCCCCCCNCCCCCCN,reductive_amination_amine_aldehyde,41_64,neutral,acyclic
CCCCCCCCCCCCCCCCCC(=O)OCCCCCCN(CCCCCCN)CCCCCCN,reductive_amination_amine_aldehyde,41_64,neutral,acyclic
CCCCC/C=C\CCCCCCN(CCN)CCNCCNCCNCCN,reductive_amination_amine_aldehyde,le40,neutral,acyclic
CCCCCCCCCCCNCCCCCCNCCCCCCN,reductive_amination_amine_aldehyde,le40,neutral,acyclic
CCCCCCCC/C=C\CCCCCCCCCNCCNCCNCCNCCNCCN,reductive_amination_amine_aldehyde,le40,neutral,acyclic
CCCCCCC(C)CCCN(CCN)CCN,reductive_amination_amine_aldehyde,le40,neutral,acyclic
CCCCCC/C=C\C/C=C\CCCCCCCNCCCCCC,reductive_amination_amine_aldehyde,le40,neutral,acyclic
CCCCCCCCCCCCCCCCCCCCCNCCO,reductive_amination_amine_aldehyde,le40,neutral,acyclic
CCCCCCCCCCCCCCCCCCC(C)CCCNCCCN(C)C,reductive_amination_amine_aldehyde,le40,neutral,acyclic
CCCCCCCCCCCN(CCCN)CCCCN,reductive_amination_amine_aldehyde,le40,neutral,acyclic
CCCCCCCCCCCCCCCCCCCCCNCCC,reductive_amination_amine_aldehyde,le40,neutral,acyclic
CCCCCCC/C=C\CCCCCCCCN(CCCN)CCCCNCCCN,reductive_amination_amine_aldehyde,le40,neutral,acyclic
CCC(C)CCCN(CCCN)CCCCN,reductive_amination_amine_aldehyde,le40,neutral,acyclic
CCCCCCCCCCCCCCCCCC(=O)OCCCCCCN(CCN)CCNCCN,reductive_amination_amine_aldehyde,le40,neutral,acyclic
CCCCCCCC/C=C\CCCCCCCC(=O)OCCCCCCN(CCCN)CCCCNCCCN,reductive_amination_amine_aldehyde,le40,neutral,acyclic
CCCCCCCCCCCCCNCCC,reductive_amination_amine_aldehyde,le40,neutral,acyclic
C#CCCCCCCCCC(=O)OCCCCCCN(CCN)CCN,reductive_amination_amine_aldehyde,le40,neutral,acyclic
CCCCCCCCCCCCCCCCCCCCCNCCN,reductive_amination_amine_aldehyde,le40,neutral,acyclic
CCCCC/C=C\C/C=C\CCCCCCNCCCN(CC)CC,reductive_amination_amine_aldehyde,le40,neutral,acyclic
CCCCCCC/C=C/C(=O)OCCCCCCNCCCNCCCCN,reductive_amination_amine_aldehyde,le40,neutral,acyclic
CCCC/C=C\CCCCCN(CCN)CCN,reductive_amination_amine_aldehyde,le40,neutral,acyclic
CCCCCCC/C=C/C(=O)OCCCCCCN(CCNCCN)CCNCCNCCN,reductive_amination_amine_aldehyde,le40,neutral,acyclic
CCCCCCC/C=C\C/C=C\CCCCCCCCNCCCN(C)C,reductive_amination_amine_aldehyde,le40,neutral,acyclic
CCCCCCCNCCCNCCCCN,reductive_amination_amine_aldehyde,le40,neutral,acyclic
CCCCCCCCCCC(=O)OCCCCCCNCC(O)CO,reductive_amination_amine_aldehyde,le40,neutral,acyclic
C=CCCCCCCCCC(=O)OCCCCCCNCCNCCN,reductive_amination_amine_aldehyde,le40,neutral,acyclic
CCCNCCCC(C)CC,reductive_amination_amine_aldehyde,le40,neutral,acyclic
CCCCCCCCCCCCCCCCCCCN(CCCN)CCCCNCCCN,reductive_amination_amine_aldehyde,le40,neutral,acyclic
CCCCCCCCCCC(=O)OCCCCCCNC(C)C,reductive_amination_amine_aldehyde,le40,neutral,acyclic
CCC(C)CCCNCCN(C(C)C)C(C)C,reductive_amination_amine_aldehyde,le40,neutral,acyclic
CCCCCCCCCC/C=C\CCCCCCCCCCCNCCCNCCCCN,reductive_amination_amine_aldehyde,le40,neutral,acyclic
CCCCCC/C=C\CCCCCCCN(CCNCCN)CCNCCNCCN,reductive_amination_amine_aldehyde,le40,neutral,acyclic
CCCCCCCCCCCCNCCCCCCCCC,reductive_amination_amine_aldehyde,le40,neutral,acyclic
CCCCCCC/C=C\C(=O)OCCCCCCNCCC,reductive_amination_amine_aldehyde,le40,neutral,acyclic
CCCCCCCCCCCCCCCCCCCCCCCNCCCN(CCCC)CCCC,reductive_amination_amine_aldehyde,le40,neutral,acyclic
CCCCCCC(C)CCCN(CCNCCN)CCNCCNCCN,reductive_amination_amine_aldehyde,le40,neutral,acyclic
CCCCCCCCCCC(C)CCCNCCCC,reductive_amination_amine_aldehyde,le40,neutral,acyclic
CCC(C)CCCN(CC)CC,reductive_amination_amine_aldehyde,le40,neutral,acyclic
CCCCCCCCCCCCCCCCC(C)CCCN(CCN)CCN,reductive_amination_amine_aldehyde,le40,neutral,acyclic
CCCCCCCCCCCCCCCCCCCCCCCN(CCO)CCO,reductive_amination_amine_aldehyde,le40,neutral,acyclic
CCCCCCCCCCCCCCCCCCCCCNCCCNCCCCN,reductive_amination_amine_aldehyde,le40,neutral,acyclic
CCCCCCCCCCCCCCCCCCCCCNCCCCCC,reductive_amination_amine_aldehyde,le40,neutral,acyclic
CCCC/C=C\C/C=C\CCCCCNCC,reductive_amination_amine_aldehyde,le40,neutral,acyclic
CCCCCCCCC(C)CCCNCCCN,reductive_amination_amine_aldehyde,le40,neutral,acyclic
CCCCCC(C)CCC(=O)OCCCCCCNCCN(CCN)CCN,reductive_amination_amine_aldehyde,le40,neutral,acyclic
CCCCCCC/C=C\C(=O)OCCCCCCNCCCCCCCCCCCC,reductive_amination_amine_aldehyde,le40,neutral,acyclic
CCCCCCCCNCCCCCCC,reductive_amination_amine_aldehyde,le40,neutral,acyclic
CCCC/C=C\CCCCCNCCC,reductive_amination_amine_aldehyde,le40,neutral,acyclic
CCCCC/C=C\C/C=C\CCCCCCNCCO,reductive_amination_amine_aldehyde,le40,neutral,acyclic
CCCCCCC/C=C\CCCCCCCCNCC,reductive_amination_amine_aldehyde,le40,neutral,acyclic
CCCCCCCCCCC(=O)OCCCCCCNC(C)(C)C,reductive_amination_amine_aldehyde,le40,neutral,acyclic
CCCCCC/C=C\C/C=C\CCCCCCCN(CCCCCCN)CCCCCCN,reductive_amination_amine_aldehyde,le40,neutral,acyclic
CCCCCCCC/C=C\CCCCCCCC(=O)OCCCCCCNCCCC,reductive_amination_amine_aldehyde,le40,neutral,acyclic
CCCC/C=C\C/C=C\CCCCCN(CCN)CCNCCN,reductive_amination_amine_aldehyde,le40,neutral,acyclic
CCCCCCC/C=C\CCCCCCCCNCCNCCN,reductive_amination_amine_aldehyde,le40,neutral,acyclic
CCCCCCCCCC(=O)OCCCCCCNCCCCCCNCCCCCCN,reductive_amination_amine_aldehyde,le40,neutral,acyclic
CCCCCCCCCCCCCN(CC)CC,reductive_amination_amine_aldehyde,le40,neutral,acyclic
CCCCC/C=C\C/C=C\CCCCCCNCC(CC)CCCC,reductive_amination_amine_aldehyde,le40,neutral,acyclic
CCCCCCCCCCCCC(C)CCCN(CCN)CCN,reductive_amination_amine_aldehyde,le40,neutral,acyclic
CCCC/C=C\C/C=C\CCCCCN(CC)CC,reductive_amination_amine_aldehyde,le40,neutral,acyclic
CCCCCCCCCCCNCC(C)(C)C,reductive_amination_amine_aldehyde,le40,neutral,acyclic
CCCCCCCCCCCCCCCNCCCC,reductive_amination_amine_aldehyde,le40,neutral,acyclic
CCC(C)CCCNCCN1CCNCC1,reductive_amination_amine_aldehyde,le40,neutral,ring
CCCCCCCCCCCCCCCCCC(=O)OCCCCCCN1CCN(C)CC1,reductive_amination_amine_aldehyde,le40,neutral,ring
CCCCCCCCCCCCCCCCCC(=O)OCCCCCCNC1CCN(C)CC1,reductive_amination_amine_aldehyde,le40,neutral,ring
CCCCCCC(C)CCCNCCc1ccccc1,reductive_amination_amine_aldehyde,le40,neutral,ring
CCCCC/C=C\C/C=C\CCCCCCCC(=O)OCCCCCCNCCN1CCCCC1,reductive_amination_amine_aldehyde,le40,neutral,ring
CCCCCCC/C=C/C(=O)OCCCCCCNCCN1CCCCC1,reductive_amination_amine_aldehyde,le40,neutral,ring
CCCCCC(C)CCC(=O)OCCCCCCN1CCN(CCN)CC1,reductive_amination_amine_aldehyde,le40,neutral,ring
CCCCCCC/C=C\C/C=C\CCCCCCCCNCCN1CCOCC1,reductive_amination_amine_aldehyde,le40,neutral,ring
CCCCCCC/C=C\CCCCCCCCNCCc1ccccc1,reductive_amination_amine_aldehyde,le40,neutral,ring
CCCCCCCCCCCCCCCCCCCNCCc1ccccc1,reductive_amination_amine_aldehyde,le40,neutral,ring
CCCCCCCCCCCCCCCCCCCCCCCNCc1ccccc1,reductive_amination_amine_aldehyde,le40,neutral,ring
CCCCCCCCCCCN1CCCC1,reductive_amination_amine_aldehyde,le40,neutral,ring
CCCCCCCCCCCCCCC(C)CCCNCC1CCCN1CC,reductive_amination_amine_aldehyde,le40,neutral,ring
CCCC/C=C\C/C=C\CCCCCN1CCN(CCN)CC1,reductive_amination_amine_aldehyde,le40,neutral,ring
CCCCCCCC/C=C\CCCCCCCC(=O)OCCCCCCNCCN1CCNCC1,reductive_amination_amine_aldehyde,le40,neutral,ring
CCCCCC/C=C\C/C=C\CCCCCCCN1CCN(CCN)CC1,reductive_amination_amine_aldehyde,le40,neutral,ring
CCCCCCCCCC/C=C\CCCCCCCCCCCN1CCN(CCN)CC1,reductive_amination_amine_aldehyde,le40,neutral,ring
CCCCCC/C=C\C/C=C\CCCCCCCN1CCOCC1,reductive_amination_amine_aldehyde,le40,neutral,ring
CCCCCCCCC(=O)OCCCCCCNN1CCCCC1,reductive_amination_amine_aldehyde,le40,neutral,ring
CCCCCCCCCC/C=C\CCCCCCCCCCCN1CCCNCC1,reductive_amination_amine_aldehyde,le40,neutral,ring
CCCCCCCCCCC(=O)OCCCCCCNN1CCOCC1,reductive_amination_amine_aldehyde,le40,neutral,ring
CCCCCCCCCCC(=O)OCCCCCCNCCc1ccccc1,reductive_amination_amine_aldehyde,le40,neutral,ring
CCCC/C=C\C/C=C\CCCCCNCCCN1CCOCC1,reductive_amination_amine_aldehyde,le40,neutral,ring
CCCCCCCCCNCc1ccco1,reductive_amination_amine_aldehyde,le40,neutral,ring
CCCCCCCCCCCCC(C)CCCN1CCN(CCN)CC1,reductive_amination_amine_aldehyde,le40,neutral,ring
C#CCCCCCCCCC(=O)OCCCCCCNCCN1CCCCC1,reductive_amination_amine_aldehyde,le40,neutral,ring
CCCCCCCCCCCCC(C)CCCNCC1CCCN1CC,reductive_amination_amine_aldehyde,le40,neutral,ring
CCCCCCCCCCCCCCCCCNCCN1CCCCC1,reductive_amination_amine_aldehyde,le40,neutral,ring
CCCCCCCCCC(=O)OCCCCCCNCCN1CCCCC1,reductive_amination_amine_aldehyde,le40,neutral,ring
CCCCCCCCC/C=C\CCCCCCCCCCNN1CCCCC1,reductive_amination_amine_aldehyde,le40,neutral,ring
CCCCC(C)CCCN1CCN(CCO)CC1,reductive_amination_amine_aldehyde,le40,neutral,ring
CCCCCCCC/C=C\C/C=C\CCCCCCCCCN1CCCC1,reductive_amination_amine_aldehyde,le40,neutral,ring
CCCCCCCC/C=C\CCCCCCCC(=O)OCCCCCCN1CCCCC1,reductive_amination_amine_aldehyde,le40,neutral,ring
CCCCCCC(C)CCCNc1cc(C)nn1C,reductive_amination_amine_aldehyde,le40,neutral,ring
CCCCCCCCCC(=O)OCCCCCCN1CCOCC1,reductive_amination_amine_aldehyde,le40,neutral,ring
C#CCCCCCCCCC(=O)OCCCCCCN1CCCNCC1,reductive_amination_amine_aldehyde,le40,neutral,ring
CCCCCCCCC(=O)OCCCCCCNN1CCOCC1,reductive_amination_amine_aldehyde,le40,neutral,ring
CCCCCCCNCCCN1CCOCC1,reductive_amination_amine_aldehyde,le40,neutral,ring
CCCCCCCCC(=O)OCCCCCCNCCCN1CCOCC1,reductive_amination_amine_aldehyde,le40,neutral,ring
CCCCCCCCCCCCCCCCC(C)CCCNCCc1cnc[nH]1,reductive_amination_amine_aldehyde,le40,neutral,ring
CCCCCCCCCCC(=O)OCCCCCCNCCN1CCOCC1,reductive_amination_amine_aldehyde,le40,neutral,ring
CCCCC/C=C\CCCCCCNCCN1CCOCC1,reductive_amination_amine_aldehyde,le40,neutral,ring
CCCCCCCCCCCCCCCCCCCCCCCNCCCN1CCOCC1,reductive_amination_amine_aldehyde,le40,neutral,ring
CCCCCCC/C=C\C/C=C\CCCCCCCCNCc1ccccc1,reductive_amination_amine_aldehyde,le40,neutral,ring
CCCCCCC/C=C\C/C=C\CCCCCCCCNC1CCN(C)CC1,reductive_amination_amine_aldehyde,le40,neutral,ring
CCC(C)CCCNCCN1CCCC1,reductive_amination_amine_aldehyde,le40,neutral,ring
CCCCCCCCCCCNCCN1CCCC1,reductive_amination_amine_aldehyde,le40,neutral,ring
CCCCCCC/C=C\C(=O)OCCCCCCNCCc1cnc[nH]1,reductive_amination_amine_aldehyde,le40,neutral,ring
CCCCCCCCCCCCCCCCCCCCCNCC1CCCN1CC,reductive_amination_amine_aldehyde,le40,neutral,ring
C=CCCCCCCCCC(=O)OCCCCCCNCCCN1CCOCC1,reductive_amination_amine_aldehyde,le40,neutral,ring
CCCCCCCCC(=O)OCCCCCCN1CCN(C)CC1,reductive_amination_amine_aldehyde,le40,neutral,ring
CCCCCCC/C=C/C(=O)OCCCCCCNN1CCOCC1,reductive_amination_amine_aldehyde,le40,neutral,ring
CCCCCCCCCCC(=O)OCCCCCCN1CCCC1,reductive_amination_amine_aldehyde,le40,neutral,ring
CCCCCCCCCCCCCCCCCCCCCNCc1ccccc1,reductive_amination_amine_aldehyde,le40,neutral,ring
CCCCCCCCCCCNCCN1CCCCC1,reductive_amination_amine_aldehyde,le40,neutral,ring
CCCCCCCCCCCCCCCC(=O)OCCCCCCNC1CCN(C)CC1,reductive_amination_amine_aldehyde,le40,neutral,ring
CCCC/C=C\CCCCCNCCCN1CCCC1,reductive_amination_amine_aldehyde,le40,neutral,ring
CCCCCCC/C=C\C/C=C\CCCCCCCCN1CCN(CCO)CC1,reductive_amination_amine_aldehyde,le40,neutral,ring
CCCCCC/C=C\C/C=C\CCCCCCCNCCc1ccccc1,reductive_amination_amine_aldehyde,le40,neutral,ring
CCCCCCCCC(=O)OCCCCCCN1CCN(CCN)CC1,reductive_amination_amine_aldehyde,le40,neutral,ring
CCCCCCCC/C=C\C/C=C\CCCCCCCCC(NCCNCCN)C(=O)NCCCCCCCCC/C=C\CCCCCCCCC,ugi_3cr_agile,41_64,neutral,acyclic
CCCCCCCC/C=C\C/C=C\CCCCCCCCC(NCCC)C(=O)NCCC(C)CCCCCCCCCCCCCCCCCC,ugi_3cr_agile,41_64,neutral,acyclic
CCCCC/C=C\C/C=C\CCCCCC(NCC(CC)CCCC)C(=O)NCCCCCC/C=C\C/C=C\CCCCCC,ugi_3cr_agile,41_64,neutral,acyclic
CCCCC/C=C\C/C=C\CCCCCC(NCCCCNCCCN)C(=O)NCCCCCCCCCCCCCCCCCCCCCC,ugi_3cr_agile,41_64,neutral,acyclic
CCCCCCCCCCCCCCCCC(C)CCC(NCCNCCN)C(=O)NCCC(C)CCCCCCCCCCCCCC,ugi_3cr_agile,41_64,neutral,acyclic
CCCCCCCCCCCCCCCCCCCCNC(=O)C(CCC(C)CCCCCCCCCCCC)NCCCCCCCC,ugi_3cr_agile,41_64,neutral,acyclic
CCCCCCCCCCCCCCCCCCCCC(C(=O)NCCC(C)CCCCCCCCCC)N(CCN)CCNCCNCCNCCN,ugi_3cr_agile,41_64,neutral,acyclic
C#CCCCCCCCCC(=O)OCCCCCC(NCCCN(C)CCCN)C(=O)NCCC(C)CCCCCCCCCCCCCCCC,ugi_3cr_agile,41_64,neutral,acyclic
CCCCC/C=C\CCCCCNC(=O)C(CCCCCOC(=O)CCCCCCCCC)NCCNCCNCCNCCNCCN,ugi_3cr_agile,41_64,neutral,acyclic
CCCCCCCCCCCCCCCCCCCCCCNC(=O)C(CCC(C)CCCCCC)N(CC)CC,ugi_3cr_agile,41_64,neutral,acyclic
CCCCCCCCCC/C=C\CCCCCCCCCCNC(=O)C(CCC(C)CCCCCCCCCCCCCCCCCC)NCCCCNCCCN,ugi_3cr_agile,41_64,neutral,acyclic
CCCCCCCCCCCCCCCCCCCCNC(=O)C(CCCCCOC(=O)CCCCCCCCCC)NCCN(C(C)C)C(C)C,ugi_3cr_agile,41_64,neutral,acyclic
CCCCCCCCCCCCCCCCCCCCC(NCCNCCNCCNCCNCCN)C(=O)NCCC(C)CCCCCCCCCCCCCC,ugi_3cr_agile,41_64,neutral,acyclic
CCCC/C=C\C/C=C\CCCCC(C(=O)NCCCCCCCC/C=C\CCCCCCCC)N(CCN)CCNCCNCCNCCN,ugi_3cr_agile,41_64,neutral,acyclic
CCCCCC/C=C\CCCCCCNC(=O)C(CCCCCCCCCC/C=C\CCCCCCCCCC)N(CCCCCCN)CCCCCCN,ugi_3cr_agile,41_64,neutral,acyclic
CCCCCCCCC/C=C\CCCCCCCCCC(NCCCCCCCCCCCC)C(=O)NCCC(C)CCCCCC,ugi_3cr_agile,41_64,neutral,acyclic
CCCCCCCCC/C=C\CCCCCCCCCC(NCCCCNCCCN)C(=O)NCCC(C)CCCCCCCCCCCCCC,ugi_3cr_agile,41_64,neutral,acyclic
CCCCCCCCCCCCCCCCCCCCCCC(C(=O)NCCC(C)CCCC)N(CCCCCCN)CCCCCCN,ugi_3cr_agile,41_64,neutral,acyclic
CCCCCCCCCCCCCCCCCCC(C)CCC(NCCCN)C(=O)NCCCCCCCCCCCCCCCC,ugi_3cr_agile,41_64,neutral,acyclic
CCCCCCCCCCCCCCCCCCCCCCNC(=O)C(CCC(C)CCCCCCCCCCCCCCCCCC)NCC,ugi_3cr_agile,41_64,neutral,acyclic
CCCCCCCCCCCCCCCCCCCCNC(=O)C(CCC(C)CCCCCC)N(CCCN)CCCCNCCCN,ugi_3cr_agile,41_64,neutral,acyclic
CCCCCCCC/C=C\C/C=C\CCCCCCCCNC(=O)C(CCC(C)CCCCCCCCCC)NCCCNCCCCNCCCN,ugi_3cr_agile,41_64,neutral,acyclic
CCCCCCCCCC/C=C\CCCCCCCCCCNC(=O)C(CCC(C)CCCCCCCCCCCC)N(CCCN)CCCCNCCCN,ugi_3cr_agile,41_64,neutral,acyclic
CCCCCCC/C=C\CCCCCCCC(NCCN(CCN)CCN)C(=O)NCCCCCCCCCCCCCCCC,ugi_3cr_agile,41_64,neutral,acyclic
CCCCCCCCCCC(=O)OCCCCCC(C(=O)NCCC(C)CCCC)N(CCCN)CCCCNCCCN,ugi_3cr_agile,41_64,neutral,acyclic
CCCCCCC/C=C\C(=O)OCCCCCC(NCCCN(CC)CC)C(=O)NCCCCCCCCCCCCCC,ugi_3cr_agile,41_64,neutral,acyclic
CCCCCCC/C=C\C/C=C\CCCCCCCNC(=O)C(CCCCCOC(=O)CCCCCCCC)NCC(O)CO,ugi_3cr_agile,41_64,neutral,acyclic
CCCCCCCC/C=C\CCCCCCCCNC(=O)C(CCCCCOC(=O)CCCCCCCC)NCCCCCC,ugi_3cr_agile,41_64,neutral,acyclic
CCCCCCCCC/C=C\CCCCCCCCCNC(=O)C(CCCCCOC(=O)CCC(C)CCCCC)N(CCO)CCO,ugi_3cr_agile,41_64,neutral,acyclic
CCCCCCCCCC/C=C\CCCCCCCCCCC(NCCCNCCCCNCCCN)C(=O)NCCCCCCCCCCCC,ugi_3cr_agile,41_64,neutral,acyclic
CCCCCCC/C=C\C/C=C\CCCCCCCC(NCCNCCNCCNCCNCCN)C(=O)NCCC(C)CCCCCCCCCCCC,ugi_3cr_agile,41_64,neutral,acyclic
CCCCC/C=C\C/C=C\CCCCCNC(=O)C(CCCCCCCC/C=C\CCCCCCCC)NCCNCCNCCN,ugi_3cr_agile,41_64,neutral,acyclic
CCCCCCCCCCCCNC(=O)C(CCC(C)CCCCCCCCCCCC)NCCNCCNCCN,ugi_3cr_agile,41_64,neutral,acyclic
CCCC/C=C\C/C=C\CCCCNC(=O)C(CCCCCC/C=C\C/C=C\CCCCCC)NCCN(C(C)C)C(C)C,ugi_3cr_agile,41_64,neutral,acyclic
CCCC/C=C\C/C=C\CCCCC(C(=O)NCCC(C)CCCCCC)N(CCCN)CCCCNCCCN,ugi_3cr_agile,41_64,neutral,acyclic
CCCCCCCC/C=C\CCCCCCCCNC(=O)C(CCCCCCCC/C=C\CCCCCCCC)NCCCNCCCCNCCCN,ugi_3cr_agile,41_64,neutral,acyclic
CCCC/C=C\CCCCNC(=O)C(CCCCCCCC/C=C\C/C=C\CCCCCCCC)NCCCNCCCCN,ugi_3cr_agile,41_64,neutral,acyclic
CCCCCC/C=C\C/C=C\CCCCCCC(NCCCCCCNCCCCCCN)C(=O)NCCCCCCCCCCCCCCCC,ugi_3cr_agile,41_64,neutral,acyclic
CCCCCC/C=C\C/C=C\CCCCCCNC(=O)C(CCCCCOC(=O)CCCCCCCCC)NC(C)(C)C,ugi_3cr_agile,41_64,neutral,acyclic
CCCCCCCC/C=C\C/C=C\CCCCCCCCNC(=O)C(CCCCCOC(=O)CCCCCCCCCC)NCCCCNCCCN,ugi_3cr_agile,41_64,neutral,acyclic
CCCCCCCCCCCCCCCCCCC(NCCN(C(C)C)C(C)C)C(=O)NCCC(C)CCCCCCCC,ugi_3cr_agile,41_64,neutral,acyclic
C=CCCCCCCCCC(=O)OCCCCCC(C(=O)NCCC(C)CCCCCCCCCC)N(CCN)CCNCCNCCNCCN,ugi_3cr_agile,41_64,neutral,acyclic
C#CCCCCCCCCC(=O)OCCCCCC(NCC(O)CO)C(=O)NCCCCCCCCCCCCCCCCCCCCCC,ugi_3cr_agile,41_64,neutral,acyclic
CCCCCCC/C=C\C/C=C\CCCCCCCNC(=O)C(CCCCCCC/C=C\CCCCCCC)NCCNCCNCCN,ugi_3cr_agile,41_64,neutral,acyclic
CCCCC/C=C\CCCCCNC(=O)C(CCCCCOC(=O)CCCCCCCCC)NCCN(C(C)C)C(C)C,ugi_3cr_agile,41_64,neutral,acyclic
CCCCCC/C=C\C/C=C\CCCCCCNC(=O)C(CCC(C)CCCCCCCCCC)NCCCNCCCCNCCCN,ugi_3cr_agile,41_64,neutral,acyclic
CCCCCCCC/C=C\C/C=C\CCCCCCCCNC(=O)C(CCC(C)CCCCCCCCCCCCCCCC)NCC(C)(C)C,ugi_3cr_agile,41_64,neutral,acyclic
CCCCCCC/C=C\CCCCCCCNC(=O)C(CCCCCCCC/C=C\CCCCCCCC)N(CCCN)CCCCNCCCN,ugi_3cr_agile,41_64,neutral,acyclic
CCCC/C=C\CCCCNC(=O)C(CCCCCCCCCCCCCCCCCCCCCC)N(CCNCCN)CCNCCNCCN,ugi_3cr_agile,41_64,neutral,acyclic
CCCCCCCCCCCCCCC(C)CCNC(=O)C(CCCCCOC(=O)CCC(C)CCCCC)NCCCNCCCCNCCCN,ugi_3cr_agile,41_64,neutral,acyclic
CCCCCCC/C=C\CCCCCCCNC(=O)C(CCCCCCCCCCCCCCCCCCCC)N(CC)CC,ugi_3cr_agile,41_64,neutral,acyclic
CCCC/C=C\CCCCNC(=O)C(CCCCCCC/C=C\C/C=C\CCCCCCC)NCCN(CCN)CCN,ugi_3cr_agile,41_64,neutral,acyclic
CCCCCCCCCCCCC(C)CCNC(=O)C(CCC(C)CC)NCCCCCCNCCCCCCN,ugi_3cr_agile,41_64,neutral,acyclic
CCCCCCC/C=C\CCCCCCCNC(=O)C(CCCCCCCCCC/C=C\CCCCCCCCCC)NC(C)C,ugi_3cr_agile,41_64,neutral,acyclic
CCCCCCCCCC/C=C\CCCCCCCCCCC(NCCCN(C)C)C(=O)NCCC(C)CCCCCCCCCCCCCC,ugi_3cr_agile,41_64,neutral,acyclic
CCCCCC/C=C\C/C=C\CCCCCCC(NCCCCCCNCCCCCCN)C(=O)NCCC(C)CCCCCCCCCCCCCCCCCC,ugi_3cr_agile,41_64,neutral,acyclic
CCCCCCC/C=C\CCCCCCCNC(=O)C(CCCCCOC(=O)CCCCCCCCC)NCCO,ugi_3cr_agile,41_64,neutral,acyclic
CCCCCCCCCC/C=C\CCCCCCCCCCC(NC)C(=O)NCCCCCCCCCCCCCCCCCCCCCC,ugi_3cr_agile,41_64,neutral,acyclic
CCCCCCC/C=C\C(=O)OCCCCCC(C(=O)NCCCCCCCCCCCCCCCCCCCC)N(CCCN)CCCCNCCCN,ugi_3cr_agile,41_64,neutral,acyclic
CCCCCCCC/C=C\CCCCCCCCNC(=O)C(CCCCCCCCCCCCCC)NCCNCCN,ugi_3cr_agile,41_64,neutral,acyclic
CCCCCCCCC/C=C\CCCCCCCCCNC(=O)C(CCC(C)CCCCCCCCCC)NCCCN1CCCC1,ugi_3cr_agile,41_64,neutral,ring
CCCCCCC/C=C\C/C=C\CCCCCCCC(C(=O)NCCC(C)CCCCCCCCCC)N1CCN(C)CC1,ugi_3cr_agile,41_64,neutral,ring
C=CCCCCCCCCC(=O)OCCCCCC(NCCN1CCCC1)C(=O)NCCCCCCCCCCCCCCCCCCCC,ugi_3cr_agile,41_64,neutral,ring
CCCCCCC/C=C\C(=O)OCCCCCC(NCCN1CCOCC1)C(=O)NCCCCCCCCCCCCCCCCCCCCCC,ugi_3cr_agile,41_64,neutral,ring
CCCCCCCCCCCCCCCCNC(=O)C(CCCCCOC(=O)CCCCCCCCC)N1CCCCC1,ugi_3cr_agile,41_64,neutral,ring
CCCCCCCCCC/C=C\CCCCCCCCCCNC(=O)C(CCCCCCCCCCCCCCCC)NCCc1cnc[nH]1,ugi_3cr_agile,41_64,neutral,ring
CCCCCCCCCCCCCCCCC(NC1CCN(C)CC1)C(=O)NCCC(C)CCCCCCCCCCCCCC,ugi_3cr_agile,41_64,neutral,ring
CCCCCCCCCCCCCCCCCCCCCCC(NCCCN1CCOCC1)C(=O)NCCC(C)CCCCCC,ugi_3cr_agile,41_64,neutral,ring
CCCCCC/C=C\C/C=C\CCCCCCC(C(=O)NCCCCCCCCCCCCCCCCCCCCCC)N1CCN(C)CC1,ugi_3cr_agile,41_64,neutral,ring
CCCCCCCCCCCCCCCCCCCCCCNC(=O)C(CCC(C)CCCCCCCCCCCCCCCC)N1CCCC1,ugi_3cr_agile,41_64,neutral,ring
CCCCCCCC/C=C\CCCCCCCC(=O)OCCCCCC(C(=O)NCCCCCCCCCCCCCC)N1CCN(C)CC1,ugi_3cr_agile,41_64,neutral,ring
CCCCCC/C=C\C/C=C\CCCCCCNC(=O)C(CCCCCCCCCCCC)NCCc1ccccc1,ugi_3cr_agile,41_64,neutral,ring
CCCCCC/C=C\C/C=C\CCCCCCC(NCCc1ccccc1)C(=O)NCCC(C)CCCCCCCCCCCC,ugi_3cr_agile,41_64,neutral,ring
CCCCCCC/C=C\CCCCCCCC(NN1CCCCC1)C(=O)NCCCCCCCCCCCCCCCCCCCCCC,ugi_3cr_agile,41_64,neutral,ring
CCCC/C=C\C/C=C\CCCCNC(=O)C(CCCCCCCC/C=C\C/C=C\CCCCCCCC)NCCCN1CCCC1,ugi_3cr_agile,41_64,neutral,ring
CCCCC/C=C\C/C=C\CCCCCCCC(=O)OCCCCCC(NCCN1CCOCC1)C(=O)NCCCCC/C=C\C/C=C\CCCCC,ugi_3cr_agile,41_64,neutral,ring
CCCCCCCCCC/C=C\CCCCCCCCCCNC(=O)C(CCCCCCCC)NC1CCN(C)CC1,ugi_3cr_agile,41_64,neutral,ring
CCCCCCCCC/C=C\CCCCCCCCCC(C(=O)NCCCCCCCCCCCCCCCC)N1CCN(CCO)CC1,ugi_3cr_agile,41_64,neutral,ring
CCCCCCCCCC/C=C\CCCCCCCCCCC(NCc1ccco1)C(=O)NCCC(C)CCCCCCCCCCCCCC,ugi_3cr_agile,41_64,neutral,ring
CCCCCCCCCCCCC(C)CCNC(=O)C(CCCCCOC(=O)CCCCCCCC)NCCN1CCNCC1,ugi_3cr_agile,41_64,neutral,ring
CCCCC/C=C\C/C=C\CCCCCNC(=O)C(CCCCCOC(=O)CCCCCCCC)NCCc1cnc[nH]1,ugi_3cr_agile,41_64,neutral,ring
CCCCCCC/C=C/C(=O)OCCCCCC(NCCc1ccccc1)C(=O)NCCCCCCCCCCCC,ugi_3cr_agile,41_64,neutral,ring
C=CCCCCCCCCC(=O)OCCCCCC(C(=O)NCCC(C)CCCCCCCCCCCCCCCC)N1CCOCC1,ugi_3cr_agile,41_64,neutral,ring
CCCC/C=C\C/C=C\CCCCC(NCc1ccccc1)C(=O)NCCC(C)CCCCCCCCCCCC,ugi_3cr_agile,41_64,neutral,ring
CCCCCCCC/C=C\C/C=C\CCCCCCCCNC(=O)C(CCCCCCCCCCCC)NC1CCN(C)CC1,ugi_3cr_agile,41_64,neutral,ring
CCCCC/C=C\C/C=C\CCCCCNC(=O)C(CCC(C)CCCCCCCCCCCCCCCCCC)N1CCC(N)CC1,ugi_3cr_agile,41_64,neutral,ring
C=CCCCCCCCCC(=O)OCCCCCC(NCCN1CCOCC1)C(=O)NCCC(C)CCCCCCCCCCCCCCCC,ugi_3cr_agile,41_64,neutral,ring
CCCCC/C=C\C/C=C\CCCCCCCC(=O)OCCCCCC(NCc1ccccc1)C(=O)NCCCCCCCCCCCCCCCCCCCCCC,ugi_3cr_agile,41_64,neutral,ring
CCCCCCC/C=C/C(=O)OCCCCCC(NCCN1CCCC1)C(=O)NCCCCCCCCCCCCCCCCCCCCCC,ugi_3cr_agile,41_64,neutral,ring
CCCCCCC/C=C\CCCCCCCNC(=O)C(CCC(C)CCCCCCCCCCCCCCCCCC)NCCN1CCCCC1,ugi_3cr_agile,41_64,neutral,ring
CCCCCCCCC/C=C\CCCCCCCCCNC(=O)C(CCC(C)CCCCCCCCCCCCCCCCCC)Nc1cn[nH]c1,ugi_3cr_agile,41_64,neutral,ring
CCCC/C=C\C/C=C\CCCCC(Nc1cc(C)nn1C)C(=O)NCCC(C)CCCCCCCCCCCCCC,ugi_3cr_agile,41_64,neutral,ring
CCCCCCC/C=C\C/C=C\CCCCCCCNC(=O)C(CCC(C)CCCCCCCCCCCC)N1CCN(CCN)CC1,ugi_3cr_agile,41_64,neutral,ring
CCCCCCC/C=C\CCCCCCCNC(=O)C(CCCCCCCCCCCCCCCC)NCCN1CCCCC1,ugi_3cr_agile,41_64,neutral,ring
CCCCCC/C=C\C/C=C\CCCCCCNC(=O)C(CCCCCC/C=C\C/C=C\CCCCCC)NC1CCCCC1,ugi_3cr_agile,41_64,neutral,ring
CCCCCCCCCCCCCCCCC(C)CCNC(=O)C(CCC(C)CCCCCCCCCC)NC1CCNCC1,ugi_3cr_agile,41_64,neutral,ring
CCCCCCCC/C=C\CCCCCCCCNC(=O)C(CCC(C)CCCCCCCCCC)NN1CCCCC1,ugi_3cr_agile,41_64,neutral,ring
CCCCCCCCCCCCCCCCCCCCCCC(NCCCN1CCCC1)C(=O)NCCC(C)CCCCCC,ugi_3cr_agile,41_64,neutral,ring
CCCCCC/C=C\C/C=C\CCCCCCNC(=O)C(CCCCCOC(=O)CCCCCCCCCCCCCCC)NCCN1CCNCC1,ugi_3cr_agile,41_64,neutral,ring
CCCCC/C=C\C/C=C\CCCCCNC(=O)C(CCCCCCCCCCCCCCCC)NC1CCN(C)CC1,ugi_3cr_agile,41_64,neutral,ring
CCCCCCCC/C=C\CCCCCCCC(=O)OCCCCCC(C(=O)NCCC(C)CC)N1CCN(C)CC1,ugi_3cr_agile,41_64,neutral,ring
CCCCCC/C=C\C/C=C\CCCCCCNC(=O)C(CCCCCOC(=O)CCCCCCCCC)NCc1ccccc1,ugi_3cr_agile,41_64,neutral,ring
CCCCCCCCCCCCCCCCC(C)CCNC(=O)C(CCC(C)CCCCCCCCCCCCCCCC)NC1CCN(C)CC1,ugi_3cr_agile,41_64,neutral,ring
CCCCCCCCCCCCCCCCC(C)CCNC(=O)C(CCCCCOC(=O)CCCCCCCCCC)N1CCOCC1,ugi_3cr_agile,41_64,neutral,ring
CCCCC/C=C\C/C=C\CCCCCNC(=O)C(CCCCCOC(=O)/C=C/CCCCCCC)Nc1cn[nH]c1,ugi_3cr_agile,41_64,neutral,ring
CCCCC/C=C\C/C=C\CCCCCCCC(=O)OCCCCCC(C(=O)NCCC(C)CCCCCCCCCCCCCC)N1CCOCC1,ugi_3cr_agile,41_64,neutral,ring
CCCCCCC/C=C\CCCCCCCNC(=O)C(CCCCCCCCCCCCCCCCCCCCCC)NCCCN1CCOCC1,ugi_3cr_agile,41_64,neutral,ring
CCCCCCCCCCCCCCCCCCCCC(NCCN1CCCC1)C(=O)NCCC(C)CCCCCCCCCC,ugi_3cr_agile,41_64,neutral,ring
CCCCCCCCC(=O)OCCCCCC(NCC1CCCN1CC)C(=O)NCCC(C)CCCCCCCC,ugi_3cr_agile,41_64,neutral,ring
CCCC/C=C\C/C=C\CCCCC(NC1CCN(C)CC1)C(=O)NCCCCCCCCCCCCCCCCCCCCCC,ugi_3cr_agile,41_64,neutral,ring
CCCCCCCCC/C=C\CCCCCCCCCNC(=O)C(CCC(C)CCCCCCCCCCCC)N1CCCCC1,ugi_3cr_agile,41_64,neutral,ring
CCCCCCCCCCCCCCCCCCCCNC(=O)C(CCCCCOC(=O)CCCCCCCC)N1CCCCC1,ugi_3cr_agile,41_64,neutral,ring
CCCCCCCCCCCCCCC(C)CCNC(=O)C(CCCCCCCCCCCCCC)NCCCN1CCOCC1,ugi_3cr_agile,41_64,neutral,ring
CCCCCC/C=C\C/C=C\CCCCCCC(NCCN1CCNCC1)C(=O)NCCCCCCCCCCCCCCCC,ugi_3cr_agile,41_64,neutral,ring
CCCCCCCCCCCCC(C)CCNC(=O)C(CCCCCOC(=O)CCCCCCCCC)N1CCC(N)CC1,ugi_3cr_agile,41_64,neutral,ring
CCCCCCCCCCCCCCCCCCCCNC(=O)C(CCC(C)CCCCCCCCCCCCCCCC)NCCc1cnc[nH]1,ugi_3cr_agile,41_64,neutral,ring
CCCCCCCCCCCCCCCCC(C)CCC(C(=O)NCCC(C)CCCCCCCCCC)N1CCCNCC1,ugi_3cr_agile,41_64,neutral,ring
CCCCCCCCCCCCCCCCCCNC(=O)C(CCC(C)CCCCCCCCCCCCCCCC)N1CCCC1,ugi_3cr_agile,41_64,neutral,ring
CCCCCCCCCCCCCCCCC(C)CCNC(=O)C(CCCCCOC(=O)CCCCCCCCCC)NC1CCCCC1,ugi_3cr_agile,41_64,neutral,ring
CCCCCC/C=C\CCCCCCC(NC1CCCCC1)C(=O)NCCCCCCC/C=C\C/C=C\CCCCCCC,ugi_3cr_agile,41_64,neutral,ring
CCCCCCCC/C=C\CCCCCCCC(=O)OCCCCCC(NCCNCCNCCNCCNCCN)C(=O)NCCC(C)CCCCCCCCCCCCCCCCCC,ugi_3cr_agile,65_96,neutral,acyclic
CCCCC/C=C\C/C=C\CCCCCCCC(=O)OCCCCCC(C(=O)NCCC(C)CCCCCCCCCCCCCCCCCC)N(CCNCCN)CCNCCNCCN,ugi_3cr_agile,65_96,neutral,acyclic
CCCCCCCCCCCCCCCCCCC(C)CCNC(=O)C(CCCCCOC(=O)CCCCCCCCCCCCCCC)N(CCNCCN)CCNCCNCCN,ugi_3cr_agile,65_96,neutral,acyclic
CCCCCCCCC/C=C\CCCCCCCCCNC(=O)C(CCCCCOC(=O)CCCCCCCCCCCCCCCCC)N(CCNCCN)CCNCCNCCN,ugi_3cr_agile,65_96,neutral,acyclic
CCCCCCCCCCCCCCCCCCCCCCNC(=O)C(CCCCCOC(=O)CCCCCCCCCCCCCCCCC)N(CCCN)CCCCNCCCN,ugi_3cr_agile,65_96,neutral,acyclic
CCCCCCCCCCCCCCCCCCCCCCNC(=O)C(CCCCCOC(=O)CCCCCCCCCCCCCCCCC)N(CCCCCCN)CCCCCCN,ugi_3cr_agile,65_96,neutral,acyclic
CCCCCCCC/C=C\CCCCCCCC(=O)OCCCCCC(C(=O)NCCC(C)CCCCCCCCCCCCCCCC)N(CCNCCN)CCNCCNCCN,ugi_3cr_agile,65_96,neutral,acyclic
CCCCCCCCCCCCCCCCCCCCNC(=O)C(CCCCCOC(=O)CCCCCCCCCCCCCCCCC)N(CCN)CCNCCNCCNCCN,ugi_3cr_agile,65_96,neutral,acyclic
CCCCC/C=C\C/C=C\CCCCCCCC(=O)OCCCCCC(C(=O)NCCCCCCCCCCCCCCCCCCCCCC)N(CCCN)CCCCNCCCN,ugi_3cr_agile,65_96,neutral,acyclic
CCCCCCCCCC/C=C\CCCCCCCCCCNC(=O)C(CCCCCOC(=O)CCCCCCCCCCCCCCCCC)N(CCCN)CCCCNCCCN,ugi_3cr_agile,65_96,neutral,acyclic
CCCCC/C=C\C/C=C\CCCCCCCC(=O)OCCCCCC(NCCCCCCNCCCCCCN)C(=O)NCCC(C)CCCCCCCCCCCCCCCCCC,ugi_3cr_agile,65_96,neutral,acyclic
CCCCCCCCCCCCCCCCCCC(C)CCNC(=O)C(CCCCCOC(=O)CCCCCCCCCCCCCCCCC)N(CCNCCN)CCNCCNCCN,ugi_3cr_agile,65_96,neutral,acyclic
CCCCCCCC/C=C\CCCCCCCC(=O)OCCCCCC(NCCNCCNCCNCCNCCN)C(=O)NCCCCCCCCCCCCCCCCCCCC,ugi_3cr_agile,65_96,neutral,acyclic
CCCCCCCCCCCCCCCCCCC(C)CCNC(=O)C(CCCCCOC(=O)CCCCCCCCCCCCCCCCC)N(CCN)CCNCCNCCNCCN,ugi_3cr_agile,65_96,neutral,acyclic
CCCCC/C=C\C/C=C\CCCCCCCC(=O)OCCCCCC(C(=O)NCCCCCCCCC/C=C\CCCCCCCCC)N(CCNCCN)CCNCCNCCN,ugi_3cr_agile,65_96,neutral,acyclic
CCCCCCCCC/C=C\CCCCCCCCCNC(=O)C(CCCCCOC(=O)CCCCCCCCCCCCCCCCC)NCCNCCNCCNCCNCCN,ugi_3cr_agile,65_96,neutral,acyclic
CCCCCCCCCC/C=C\CCCCCCCCCCNC(=O)C(CCCCCOC(=O)CCCCCCCCCCCCCCCCC)N(CCCCCCN)CCCCCCN,ugi_3cr_agile,65_96,neutral,acyclic
CCCCCCCCCCCCCCCCCCCCCCNC(=O)C(CCCCCOC(=O)CCCCCCCCCCCCCCCCC)NCCCCCCNCCCCCCN,ugi_3cr_agile,65_96,neutral,acyclic
CCCCCCCCCCCCCCCCCC(=O)OCCCCCC(C(=O)NCCC(C)CCCCCCCCCCCCCCCC)N(CCN)CCNCCNCCNCCN,ugi_3cr_agile,65_96,neutral,acyclic
CCCCCCCC/C=C\C/C=C\CCCCCCCCNC(=O)C(CCCCCOC(=O)CCCCCCCCCCCCCCCCC)N(CCCCCCN)CCCCCCN,ugi_3cr_agile,65_96,neutral,acyclic
CCCCCCCC/C=C\CCCCCCCC(=O)OCCCCCC(C(=O)NCCCCCCCCCC/C=C\CCCCCCCCCC)N(CCCCCCN)CCCCCCN,ugi_3cr_agile,65_96,neutral,acyclic
CCCCC/C=C\C/C=C\CCCCCCCC(=O)OCCCCCC(C(=O)NCCCCCCCCCCCCCCCCCCCC)N(CCN)CCNCCNCCNCCN,ugi_3cr_agile,65_96,neutral,acyclic
CCCCCCCC/C=C\CCCCCCCC(=O)OCCCCCC(NCCNCCNCCNCCNCCN)C(=O)NCCCCCCCCCCCCCCCCCCCCCC,ugi_3cr_agile,65_96,neutral,acyclic
CCCCCCCCCCCCCCCCCCC(C)CCNC(=O)C(CCCCCOC(=O)CCCCCCCCCCCCCCCCC)NCCCCCCNCCCCCCN,ugi_3cr_agile,65_96,neutral,acyclic
CCCCCCCC/C=C\CCCCCCCC(=O)OCCCCCC(C(=O)NCCCCCCCCCC/C=C\CCCCCCCCCC)N(CCNCCN)CCNCCNCCN,ugi_3cr_agile,65_96,neutral,acyclic
CCCCCCCCCC/C=C\CCCCCCCCCCNC(=O)C(CCCCCOC(=O)CCCCCCCCCCCCCCC)NCCNCCNCCNCCNCCN,ugi_3cr_agile,65_96,neutral,acyclic
CCCCC/C=C\C/C=C\CCCCCCCC(=O)OCCCCCC(NCCCCCCNCCCCCCN)C(=O)NCCCCCCCCCCCCCCCCCCCCCC,ugi_3cr_agile,65_96,neutral,acyclic
CCCCCCCC/C=C\C/C=C\CCCCCCCCNC(=O)C(CCCCCOC(=O)CCCCCCC/C=C\CCCCCCCC)N(CCCCCCN)CCCCCCN,ugi_3cr_agile,65_96,neutral,acyclic
CCCCC/C=C\C/C=C\CCCCCCCC(=O)OCCCCCC(NCCCCCCNCCCCCCN)C(=O)NCCCCCCCCCC/C=C\CCCCCCCCCC,ugi_3cr_agile,65_96,neutral,acyclic
CCCCCCCCCCCCCCCCCCC(C)CCNC(=O)C(CCCCCOC(=O)CCCCCCCCCCCCCCCCC)N(CCCCCCN)CCCCCCN,ugi_3cr_agile,65_96,neutral,acyclic
CCCCCCCCCC/C=C\CCCCCCCCCCNC(=O)C(CCCCCOC(=O)CCCCCCCCCCCCCCC)N(CCN)CCNCCNCCNCCN,ugi_3cr_agile,65_96,neutral,acyclic
CCCCCCCCCCCCCCCCCC(=O)OCCCCCC(NCCNCCNCCNCCNCCN)C(=O)NCCC(C)CCCCCCCCCCCCCCCC,ugi_3cr_agile,65_96,neutral,acyclic
CCCCCCCCCCCCCCCCCCCCCCNC(=O)C(CCCCCOC(=O)CCCCCCCCCCCCCCCCC)N(CCN)CCNCCNCCNCCN,ugi_3cr_agile,65_96,neutral,acyclic
CCCCCCCC/C=C\CCCCCCCC(=O)OCCCCCC(NCCNCCNCCNCCNCCN)C(=O)NCCC(C)CCCCCCCCCCCCCCCC,ugi_3cr_agile,65_96,neutral,acyclic
CCCCC/C=C\C/C=C\CCCCCCCC(=O)OCCCCCC(C(=O)NCCCCCCCCCCCCCCCCCCCCCC)N(CCNCCN)CCNCCNCCN,ugi_3cr_agile,65_96,neutral,acyclic
CCCCCCCC/C=C\CCCCCCCC(=O)OCCCCCC(C(=O)NCCCCCCCCCCCCCCCCCCCCCC)N(CCCN)CCCCNCCCN,ugi_3cr_agile,65_96,neutral,acyclic
CCCCCCCC/C=C\CCCCCCCC(=O)OCCCCCC(C(=O)NCCCCCCCCC/C=C\CCCCCCCCC)N(CCN)CCNCCNCCNCCN,ugi_3cr_agile,65_96,neutral,acyclic
CCCCCCCC/C=C\C/C=C\CCCCCCCCNC(=O)C(CCCCCOC(=O)CCCCCCC/C=C\CCCCCCCC)NCCCCCCNCCCCCCN,ugi_3cr_agile,65_96,neutral,acyclic
CCCCCCCC/C=C\C/C=C\CCCCCCCCNC(=O)C(CCCCCOC(=O)CCCCCCCCCCCCCCCCC)N(CCN)CCNCCNCCNCCN,ugi_3cr_agile,65_96,neutral,acyclic
CCCCCCCC/C=C\C/C=C\CCCCCCCCNC(=O)C(CCCCCOC(=O)CCCCCCC/C=C\CCCCCCCC)NCCNCCNCCNCCNCCN,ugi_3cr_agile,65_96,neutral,acyclic
CCCCCCCCCCCCCCCCCCCCCCNC(=O)C(CCCCCOC(=O)CCCCCCCCCCCCCCCCC)NCCNCCNCCNCCNCCN,ugi_3cr_agile,65_96,neutral,acyclic
CCCCC/C=C\C/C=C\CCCCCCCC(=O)OCCCCCC(NCCNCCNCCNCCNCCN)C(=O)NCCCCCCCC/C=C\C/C=C\CCCCCCCC,ugi_3cr_agile,65_96,neutral,acyclic
CCCCCCCC/C=C\CCCCCCCC(=O)OCCCCCC(C(=O)NCCC(C)CCCCCCCCCCCCCCCCCC)N(CCCN)CCCCNCCCN,ugi_3cr_agile,65_96,neutral,acyclic
CCCCCCCC/C=C\C/C=C\CCCCCCCCNC(=O)C(CCCCCOC(=O)CCCCCCCCCCCCCCCCC)N(CCNCCN)CCNCCNCCN,ugi_3cr_agile,65_96,neutral,acyclic
CCCCCCCCCC/C=C\CCCCCCCCCCNC(=O)C(CCCCCOC(=O)CCCCCCCCCCCCCCC)N(CCNCCN)CCNCCNCCN,ugi_3cr_agile,65_96,neutral,acyclic
CCCCC/C=C\C/C=C\CCCCCCCC(=O)OCCCCCC(C(=O)NCCC(C)CCCCCCCCCCCCCCCC)N(CCN)CCNCCNCCNCCN,ugi_3cr_agile,65_96,neutral,acyclic
CCCCCCCCCCCCCCCCCC(=O)OCCCCCC(C(=O)NCCC(C)CCCCCCCCCCCCCCCC)N(CCNCCN)CCNCCNCCN,ugi_3cr_agile,65_96,neutral,acyclic
CCCCC/C=C\C/C=C\CCCCCCCC(=O)OCCCCCC(NCCCCCCNCCCCCCN)C(=O)NCCCCCCCC/C=C\C/C=C\CCCCCCCC,ugi_3cr_agile,65_96,neutral,acyclic
CCCCCCCCCCCCCCCCCCC(C)CCNC(=O)C(CCCCCOC(=O)CCCCCCCCCCCCCCCCC)NCCNCCNCCNCCNCCN,ugi_3cr_agile,65_96,neutral,acyclic
CCCCCCCC/C=C\CCCCCCCC(=O)OCCCCCC(C(=O)NCCCCCCCCCCCCCCCCCCCC)N(CCN)CCNCCNCCNCCN,ugi_3cr_agile,65_96,neutral,acyclic
CCCCCCCCCCCCCCCCCCCCNC(=O)C(CCCCCOC(=O)CCCCCCCCCCCCCCCCC)N(CCNCCN)CCNCCNCCN,ugi_3cr_agile,65_96,neutral,acyclic
CCCCC/C=C\C/C=C\CCCCCCCC(=O)OCCCCCC(C(=O)NCCCCCCCCCCCCCCCCCCCCCC)N(CCN)CCNCCNCCNCCN,ugi_3cr_agile,65_96,neutral,acyclic
CCCCCCCC/C=C\CCCCCCCC(=O)OCCCCCC(C(=O)NCCCCCCCCCCCCCCCCCCCCCC)N(CCCCCCN)CCCCCCN,ugi_3cr_agile,65_96,neutral,acyclic
CCCCC/C=C\C/C=C\CCCCCCCC(=O)OCCCCCC(C(=O)NCCCCCCCCCC/C=C\CCCCCCCCCC)N(CCN)CCNCCNCCNCCN,ugi_3cr_agile,65_96,neutral,acyclic
CCCCCCCCCC/C=C\CCCCCCCCCCNC(=O)C(CCCCCOC(=O)CCCCCCCCCCCCCCCCC)N(CCN)CCNCCNCCNCCN,ugi_3cr_agile,65_96,neutral,acyclic
CCCCCCCC/C=C\CCCCCCCC(=O)OCCCCCC(C(=O)NCCCCCCCCCCCCCCCCCCCCCC)N(CCN)CCNCCNCCNCCN,ugi_3cr_agile,65_96,neutral,acyclic
CCCCC/C=C\C/C=C\CCCCCCCC(=O)OCCCCCC(C(=O)NCCCCCCCCCCCCCCCCCCCCCC)N(CCCCCCN)CCCCCCN,ugi_3cr_agile,65_96,neutral,acyclic
CCCCCCCCCCCCCCCCCCCCNC(=O)C(CCCCCOC(=O)CCCCCCCCCCCCCCCCC)NCCNCCNCCNCCNCCN,ugi_3cr_agile,65_96,neutral,acyclic
CCCCC/C=C\C/C=C\CCCCCCCC(=O)OCCCCCC(C(=O)NCCCCCCCCCC/C=C\CCCCCCCCCC)N(CCCN)CCCCNCCCN,ugi_3cr_agile,65_96,neutral,acyclic
CCCCC/C=C\C/C=C\CCCCCCCC(=O)OCCCCCC(NCCNCCNCCNCCNCCN)C(=O)NCCCCCCCCCCCCCCCCCCCC,ugi_3cr_agile,65_96,neutral,acyclic
CCCCCC/C=C\C/C=C\CCCCCCNC(=O)C(CCCCCCCCCCCC)NCCCN(C)C,ugi_3cr_agile,le40,neutral,acyclic
CCCCCCC/C=C\CCCCCCCC(C(=O)NCCCCCCCC)N(CCN)CCNCCN,ugi_3cr_agile,le40,neutral,acyclic
CCCC/C=C\CCCCNC(=O)C(CCCCCOC(=O)CCCCCCCC)NCCN(C)C,ugi_3cr_agile,le40,neutral,acyclic
CCCCC/C=C\CCCCCNC(=O)C(CCC(C)CCCCCCCCCCCC)NCCN(C)C,ugi_3cr_agile,le40,neutral,acyclic
CCCCC/C=C\C/C=C\CCCCCNC(=O)C(CCCCCCCCCCCC)NCCCN(CC)CC,ugi_3cr_agile,le40,neutral,acyclic
CCCCCC/C=C\CCCCCCNC(=O)C(CCCCCOC(=O)CCC(C)CCCCC)NC(C)C,ugi_3cr_agile,le40,neutral,acyclic
CCCCCCC/C=C/C(=O)OCCCCCC(NCCC)C(=O)NCCC(C)CCCCCCCC,ugi_3cr_agile,le40,neutral,acyclic
CCCCCCCCCCCCCCC(C)CCC(NCCN(CCN)CCN)C(=O)NCCCCCC,ugi_3cr_agile,le40,neutral,acyclic
CCCCCCC(C)CCC(C(=O)NCCC(C)CCCC)N(CCCCCCN)CCCCCCN,ugi_3cr_agile,le40,neutral,acyclic
CCCC/C=C\C/C=C\CCCCNC(=O)C(CCCCCOC(=O)CCCCCCCC)NCCCC,ugi_3cr_agile,le40,neutral,acyclic
CCCCCCC/C=C/C(=O)OCCCCCC(NCC(O)CO)C(=O)NCCC(C)CCCCCCCC,ugi_3cr_agile,le40,neutral,acyclic
CCCCCCCCC(C)CCC(NCCN(CC)CC)C(=O)NCCC(C)CCCC,ugi_3cr_agile,le40,neutral,acyclic
CCCCCCCCCCCCC(C)CCC(NCCCCNCCCN)C(=O)NCCC(C)CCCCCC,ugi_3cr_agile,le40,neutral,acyclic
CCCCCCCCCCCCCCCCCCNC(=O)C(CCCCCCCCCCCC)NC,ugi_3cr_agile,le40,neutral,acyclic
CCCC/C=C\C/C=C\CCCCNC(=O)C(CCCCCC/C=C\C/C=C\CCCCCC)NCCCC,ugi_3cr_agile,le40,neutral,acyclic
CCCCCCCC/C=C\CCCCCCCCC(NC)C(=O)NCCC(C)CCCCCCCC,ugi_3cr_agile,le40,neutral,acyclic
CCCC/C=C\CCCCNC(=O)C(CCC(C)CC)N(CCN)CCNCCN,ugi_3cr_agile,le40,neutral,acyclic
CCCCCCCCCC(=O)OCCCCCC(C(=O)NCCCCCCCC)N(CCN)CCN,ugi_3cr_agile,le40,neutral,acyclic
CCCCC/C=C\CCCCCNC(=O)C(CCCCCCCC/C=C\CCCCCCCC)NCCO,ugi_3cr_agile,le40,neutral,acyclic
CCCC/C=C\CCCCNC(=O)C(CCCC/C=C\CCCC)NCCCN,ugi_3cr_agile,le40,neutral,acyclic
CCCCCCCCCCCCCCC(C)CCC(NCCCC)C(=O)NCCC(C)CC,ugi_3cr_agile,le40,neutral,acyclic
CCCCCCCC/C=C\CCCCCCCCC(NCC(C)(C)C)C(=O)NCCCCCCCC,ugi_3cr_agile,le40,neutral,acyclic
CCCCCCCCCCNC(=O)C(CCC(C)CCCC)N(CCN)CCNCCNCCNCCN,ugi_3cr_agile,le40,neutral,acyclic
CCCCCCCCCCCCNC(CCC(C)CCCCCCCCCC)C(=O)NCCCCCCCC,ugi_3cr_agile,le40,neutral,acyclic
CCCCCCCCCCCCCCCCCCC(C(=O)NCCCCCCCCCC)N(C)CCCC,ugi_3cr_agile,le40,neutral,acyclic
CCCCCCCCCCCCCCNC(=O)C(CCCCCCCCCC)NC(C)(C)C,ugi_3cr_agile,le40,neutral,acyclic
CCCCCCCCCCCCC(C)CCC(C(=O)NCCC(C)CCCCCC)N(CCCN)CCCCN,ugi_3cr_agile,le40,neutral,acyclic
CCCC/C=C\C/C=C\CCCCNC(=O)C(CCCCCCCCCCCC)N(C)CCCC,ugi_3cr_agile,le40,neutral,acyclic
CCCC/C=C\C/C=C\CCCCNC(=O)C(CCCCCCCCCCCC)N(CCO)CCO,ugi_3cr_agile,le40,neutral,acyclic
CCCCC/C=C\C/C=C\CCCCCC(C(=O)NCCC(C)CCCC)N(C)CCCC,ugi_3cr_agile,le40,neutral,acyclic
CCCCC/C=C\CCCCCC(NC(C)C)C(=O)NCCCCCCCCCC,ugi_3cr_agile,le40,neutral,acyclic
CCCCCCCC/C=C\CCCCCCCCNC(=O)C(CCC(C)CCCCCCCC)NCCN(C)C,ugi_3cr_agile,le40,neutral,acyclic
CCCCCC/C=C\C/C=C\CCCCCCNC(=O)C(CCC(C)CCCCCCCCCC)NCCCC,ugi_3cr_agile,le40,neutral,acyclic
CCCCCCCCCCCCCCC(NC(C)(C)C)C(=O)NCCCCCCCC,ugi_3cr_agile,le40,neutral,acyclic
CCCCCCCCCCCCNC(=O)C(CCC(C)CCCCCCCCCC)NCCCCNCCCN,ugi_3cr_agile,le40,neutral,acyclic
CCCCCCCCCCCCCCCCCCCCC(C(=O)NCCC(C)CCCCCC)N(CC)CC,ugi_3cr_agile,le40,neutral,acyclic
CCCCCCC/C=C\CCCCCCCC(NCCCCCCCCCCCC)C(=O)NCCC(C)CC,ugi_3cr_agile,le40,neutral,acyclic
CCCCCC/C=C\C/C=C\CCCCCCNC(=O)C(CCC(C)CCCCCC)NCCCN(C)C,ugi_3cr_agile,le40,neutral,acyclic
CCCCCCCCCCCCCCC(C)CCNC(=O)C(CCCCCC)N(C)C,ugi_3cr_agile,le40,neutral,acyclic
CCCC/C=C\CCCCC(NCCN(C(C)C)C(C)C)C(=O)NCCCCC/C=C\C/C=C\CCCCC,ugi_3cr_agile,le40,neutral,acyclic
CCCCCC/C=C\C/C=C\CCCCCCNC(=O)C(CCCCCCCCCCCC)NCC,ugi_3cr_agile,le40,neutral,acyclic
CCCCCCCC/C=C\CCCCCCCCNC(=O)C(CCC(C)CCCC)N(C)CCCC,ugi_3cr_agile,le40,neutral,acyclic
CCCCCCCCCCCCCCCCCCC(C)CCNC(=O)C(CCCCCC)NCCCN(C)C,ugi_3cr_agile,le40,neutral,acyclic
CCCCCCCCCCCCCCC(C(=O)NCCC(C)CC)N(C)C,ugi_3cr_agile,le40,neutral,acyclic
CCCCCCCCCCCCCCC(C)CCC(NCCCN(CC)CC)C(=O)NCCC(C)CC,ugi_3cr_agile,le40,neutral,acyclic
C=CCCCCCCCCC(=O)OCCCCCC(NC)C(=O)NCCCC/C=C\CCCC,ugi_3cr_agile,le40,neutral,acyclic
CCCCC/C=C\CCCCCC(NCC(C)(C)C)C(=O)NCCCCCC,ugi_3cr_agile,le40,neutral,acyclic
CCCC/C=C\C/C=C\CCCCNC(=O)C(CCCCCOC(=O)CCCCCCCC)NCC(C)(C)C,ugi_3cr_agile,le40,neutral,acyclic
CCCCCCCCCCCCNC(CCC(C)CCCCCCCCCCCC)C(=O)NCCCCCC,ugi_3cr_agile,le40,neutral,acyclic
CCCCC/C=C\CCCCCC(NCCCN)C(=O)NCCC(C)CCCCCCCCCC,ugi_3cr_agile,le40,neutral,acyclic
CCCCCCCCCCC(C(=O)NCCC(C)CCCCCC)N(CCCCCCN)CCCCCCN,ugi_3cr_agile,le40,neutral,acyclic
CCCCCCC/C=C\CCCCCCCC(C(=O)NCCC(C)CCCCCCCC)N(C)C,ugi_3cr_agile,le40,neutral,acyclic
CCCCC/C=C\CCCCCC(C(=O)NCCCCCC)N(C)C,ugi_3cr_agile,le40,neutral,acyclic
CCCC/C=C\CCCCC(NCCCCCCCC)C(=O)NCCCCCC/C=C\C/C=C\CCCCCC,ugi_3cr_agile,le40,neutral,acyclic
CCCCCCCCNC(=O)C(CCCCCCCC)N(CCN)CCNCCNCCNCCN,ugi_3cr_agile,le40,neutral,acyclic
CCCCCCCCCCCCCCCCC(NCCCCCCCC)C(=O)NCCC(C)CCCCCC,ugi_3cr_agile,le40,neutral,acyclic
CCCCCCNC(=O)C(CCC(C)CCCCCC)N(CCO)CCO,ugi_3cr_agile,le40,neutral,acyclic
CCCC/C=C\C/C=C\CCCCNC(=O)C(CCCCCOC(=O)/C=C/CCCCCCC)NC,ugi_3cr_agile,le40,neutral,acyclic
CCCCCC/C=C\CCCCCCNC(=O)C(CCC(C)CCCCCCCC)NCCNCCN,ugi_3cr_agile,le40,neutral,acyclic
CCCCCCCCCCCCCCCCNC(=O)C(CCCCCCCCCCCC)N(CC)CC,ugi_3cr_agile,le40,neutral,acyclic
CCCCCCCCCCC(C)CCNC(=O)C(CCC(C)CCCC)N1CCN(CCO)CC1,ugi_3cr_agile,le40,neutral,ring
CCCCCCCCCCCCNC(=O)C(CCC(C)CCCCCCCC)NCCc1cnc[nH]1,ugi_3cr_agile,le40,neutral,ring
CCCCCCC/C=C\CCCCCCCC(Nc1cc(C)nn1C)C(=O)NCCCCCC,ugi_3cr_agile,le40,neutral,ring
CCCCC/C=C\C/C=C\CCCCCNC(=O)C(CCC(C)CCCC)N1CCOCC1,ugi_3cr_agile,le40,neutral,ring
CCCCC/C=C\C/C=C\CCCCCC(C(=O)NCCCCC/C=C\CCCCC)N1CCN(CCO)CC1,ugi_3cr_agile,le40,neutral,ring
CCCCCCCCC(C)CCNC(=O)C(CCCCCC)NCCCN1CCCC1,ugi_3cr_agile,le40,neutral,ring
CCCCCCCCC(C)CCC(NC1CCCCC1)C(=O)NCCCCCC,ugi_3cr_agile,le40,neutral,ring
CCCCCCCCCCCCCCCCC(NCCc1ccccc1)C(=O)NCCC(C)CCCCCC,ugi_3cr_agile,le40,neutral,ring
CCCCCC/C=C\C/C=C\CCCCCCNC(=O)C(CCC(C)CCCCCCCC)N1CCN(C)CC1,ugi_3cr_agile,le40,neutral,ring
CCCCCCCCCCCCCCCCCCNC(=O)C(CCCCCCCC)NC1CCNCC1,ugi_3cr_agile,le40,neutral,ring
CCCCCCCCCCCCCCC(C(=O)NCCC(C)CCCCCCCCCC)N1CCCC1,ugi_3cr_agile,le40,neutral,ring
CCCC/C=C\C/C=C\CCCCC(NCCN1CCCCC1)C(=O)NCCC(C)CCCCCC,ugi_3cr_agile,le40,neutral,ring
CCCCCC/C=C\CCCCCCC(NCCN1CCCC1)C(=O)NCCC(C)CCCC,ugi_3cr_agile,le40,neutral,ring
CCCCC/C=C\CCCCCNC(=O)C(CCCCCCCCCCCC)NN1CCCCC1,ugi_3cr_agile,le40,neutral,ring
CCCCCCCCCCCCNC(=O)C(CCCCCCCC)NCCN1CCCCC1,ugi_3cr_agile,le40,neutral,ring
CCCCCCC/C=C\C(=O)OCCCCCC(NCC1CCCN1CC)C(=O)NCCCCCCCCCC,ugi_3cr_agile,le40,neutral,ring
CCCCC/C=C\C/C=C\CCCCCNC(=O)C(CCCCCCCCCCCCCC)N1CCCC1,ugi_3cr_agile,le40,neutral,ring
CCCCCCCCCCCCCCCCCCC(NC1CCNCC1)C(=O)NCCC(C)CCCCCC,ugi_3cr_agile,le40,neutral,ring
CCCCCCCCNC(=O)C(CCC(C)CC)NN1CCCCC1,ugi_3cr_agile,le40,neutral,ring
CCCCCC/C=C\CCCCCCC(C(=O)NCCC(C)CC)N1CCCCC1,ugi_3cr_agile,le40,neutral,ring
CCCCCCCCCCCCCCCCC(C)CCNC(=O)C(CCCCCC)N1CCNCC1,ugi_3cr_agile,le40,neutral,ring
CCCCCCCCCCCCCCCCCCC(NCc1ccccc1)C(=O)NCCC(C)CC,ugi_3cr_agile,le40,neutral,ring
CCCCCC/C=C\CCCCCCC(C(=O)NCCC(C)CCCCCCCCCCCC)N1CCNCC1,ugi_3cr_agile,le40,neutral,ring
CCCCCCCCNC(=O)C(CCCCCCCC)N1CCCNCC1,ugi_3cr_agile,le40,neutral,ring
CCCC/C=C\C/C=C\CCCCC(NN1CCCCC1)C(=O)NCCC(C)CCCCCC,ugi_3cr_agile,le40,neutral,ring
CCCCC/C=C\CCCCCC(C(=O)NCCC(C)CCCCCCCCCCCC)N1CCN(C)CC1,ugi_3cr_agile,le40,neutral,ring
CCCCCCCCCCCCCCCCCCC(NC1CCCCC1)C(=O)NCCC(C)CCCC,ugi_3cr_agile,le40,neutral,ring
CCCCCCCCCCCCC(C)CCC(NCc1ccccc1)C(=O)NCCCCCCCCCC,ugi_3cr_agile,le40,neutral,ring
CCCCCCCCCCCCC(C)CCC(NC1CCNCC1)C(=O)NCCC(C)CC,ugi_3cr_agile,le40,neutral,ring
CCCCCCCCCCCCCCCCNC(=O)C(CCC(C)CCCCCC)Nc1cn[nH]c1,ugi_3cr_agile,le40,neutral,ring
CCCCCCCCCCCCC(C)CCC(NCCN1CCCC1)C(=O)NCCC(C)CCCCCC,ugi_3cr_agile,le40,neutral,ring
CCCCCCCCCCCCCCCCC(C)CCNC(=O)C(CCC(C)CCCC)N1CCN(C)CC1,ugi_3cr_agile,le40,neutral,ring
CCCC/C=C\C/C=C\CCCCNC(=O)C(CCC(C)CCCC)NCC1CCCN1CC,ugi_3cr_agile,le40,neutral,ring
CCCCC/C=C\CCCCCNC(=O)C(CCCCC/C=C\CCCCC)N1CCCCC1,ugi_3cr_agile,le40,neutral,ring
CCCC/C=C\C/C=C\CCCCC(C(=O)NCCCCCCCCCCCCCC)N1CCNCC1,ugi_3cr_agile,le40,neutral,ring
CCCC/C=C\CCCCNC(=O)C(CCCCCCCC/C=C\CCCCCCCC)NCCc1cnc[nH]1,ugi_3cr_agile,le40,neutral,ring
CCCCCCCCCCCCCCCCCCC(C(=O)NCCC(C)CC)N1CCCNCC1,ugi_3cr_agile,le40,neutral,ring
CCCCCCCCCCCCCCCCCCCCCCNC(=O)C(CCCCCC)NC1CCCCC1,ugi_3cr_agile,le40,neutral,ring
CCCC/C=C\CCCCNC(=O)C(CCC(C)CCCCCCCCCC)N1CCC(N)CC1,ugi_3cr_agile,le40,neutral,ring
CCCC/C=C\C/C=C\CCCCC(NCc1ccco1)C(=O)NCCCCCCCC,ugi_3cr_agile,le40,neutral,ring
CCCCCCCC/C=C\CCCCCCCCC(NCCc1cnc[nH]1)C(=O)NCCCCCC,ugi_3cr_agile,le40,neutral,ring
CCCCCCCCNC(=O)C(CCC(C)CCCCCCCC)NCCN1CCNCC1,ugi_3cr_agile,le40,neutral,ring
CCCCCCCCCCCCCCCCC(C)CCC(C(=O)NCCC(C)CCCC)N1CCNCC1,ugi_3cr_agile,le40,neutral,ring
CCCCC/C=C\CCCCCC(C(=O)NCCCCCCCCCCCCCC)N1CCCNCC1,ugi_3cr_agile,le40,neutral,ring
CCCCCCCCCCNC(=O)C(CCCCCOC(=O)CCCCCCCCCC)NCc1ccccc1,ugi_3cr_agile,le40,neutral,ring
CCCCCCCCC(C)CCNC(=O)C(CCCCCCCC)NC1CCN(C)CC1,ugi_3cr_agile,le40,neutral,ring
CCCCCCCCCCCCCCCCCCCCNC(=O)C(CCC(C)CC)NCCN1CCCC1,ugi_3cr_agile,le40,neutral,ring
CCCCCCCCCCCCC(C)CCC(NCC1CCCN1CC)C(=O)NCCCCCCCC,ugi_3cr_agile,le40,neutral,ring
CCCCCCCCCCCCCCC(C)CCC(Nc1cc(C)nn1C)C(=O)NCCC(C)CC,ugi_3cr_agile,le40,neutral,ring
CCCCCCCCCCCCCCCCCCNC(=O)C(CCCCCCCCCC)NCc1ccccc1,ugi_3cr_agile,le40,neutral,ring
CCCCCC/C=C\C/C=C\CCCCCCC(NCCN1CCOCC1)C(=O)NCCC(C)CCCC,ugi_3cr_agile,le40,neutral,ring
CCCCCCCC/C=C\C/C=C\CCCCCCCCNC(=O)C(CCCCCC)Nc1cc(C)nn1C,ugi_3cr_agile,le40,neutral,ring
CCCCC/C=C\CCCCCNC(=O)C(CCCCCOC(=O)CCCCCCCCC)N1CCNCC1,ugi_3cr_agile,le40,neutral,ring
CCCCCC(C)CCC(=O)OCCCCCC(NN1CCCCC1)C(=O)NCCC(C)CCCC,ugi_3cr_agile,le40,neutral,ring
CCCCCCC/C=C\CCCCCCCNC(=O)C(CCC(C)CCCCCC)NCCCN1CCCC1,ugi_3cr_agile,le40,neutral,ring
CCCCCCCCCCC(=O)OCCCCCC(NCCN1CCOCC1)C(=O)NCCCCCC,ugi_3cr_agile,le40,neutral,ring
CCCCCCC/C=C/C(=O)OCCCCCC(C(=O)NCCC(C)CCCC)N1CCN(C)CC1,ugi_3cr_agile,le40,neutral,ring
CCCCCCC/C=C\CCCCCCCC(NN1CCOCC1)C(=O)NCCC(C)CCCCCCCC,ugi_3cr_agile,le40,neutral,ring
C#CCCCCCCCCC(=O)OCCCCCC(C(=O)NCCCCC/C=C\CCCCC)N1CCOCC1,ugi_3cr_agile,le40,neutral,ring
CCCCCC(C)CCC(=O)OCCCCCC(NCCCN1CCOCC1)C(=O)NCCC(C)CC,ugi_3cr_agile,le40,neutral,ring
