descriptor,generated_mean,integer_tv,mean_delta,reference_mean,standardized_wasserstein,wasserstein
heavy_atoms,18.463,0.6614,-9.198599999999999,27.6616,1.1683865255723207,9.198599999999999
bonds,20.125,0.6229,-9.898,30.023,1.1346704817272906,9.898
cycle_rank,2.662,0.21559999999999996,-0.6994000000000002,3.3614,0.5463325961368446,0.7021999999999999
rings,2.6995,0.2113,-0.6785000000000001,3.378,0.520043608797539,0.6813
aromatic_rings,1.37,0.39280000000000004,-1.0859999999999999,2.456,0.9141673236370034,1.086
nonaromatic_rings,1.3295,0.13829999999999998,0.40749999999999986,0.922,0.3777821493622501,0.4075
aromatic_ring_fraction,0.5621696428571429,0.10825,-0.17482019841269836,0.7369898412698412,0.6248922860637752,0.1748201984126984
has_ring,0.989,0.0013999999999999785,0.0013999999999999568,0.9876,0.01265105233893749,0.0014000000000000002
has_aromatic_ring,0.833,0.116,-0.11599999999999999,0.949,0.5272781743894419,0.11600000000000002
has_3_ring,0.032,0.005399999999999981,-0.005400000000000002,0.0374,0.0284600088011398,0.00539999999999996
has_4_ring,0.0335,0.016900000000000012,0.016900000000000002,0.0166,0.13227188984798216,0.016900000000000026
has_small_ring,0.0645,0.011900000000000011,0.0119,0.0526,0.05330738750875112,0.011900000000000022
has_macrocycle,0.0435,0.033100000000000004,0.0331,0.0104,0.32627325890295866,0.03310000000000002
bridgehead_atoms,0.3425,0.08550000000000002,0.25170000000000003,0.0908,0.4585046614725921,0.25170000000000003
spiro_atoms,0.0745,0.03950000000000001,0.0445,0.03,0.2417935122456816,0.04530000000000001
has_bridgehead,0.1175,0.0855,0.08549999999999999,0.032,0.4857954545454547,0.08550000000000002
has_spiro,0.0665,0.03910000000000001,0.0391,0.0274,0.23951589696659392,0.039100000000000024
fused_ring_systems,0.552,0.031000000000000003,-0.03279999999999994,0.5848,0.05431620792795126,0.03319999999999995
has_fused_ring_system,0.522,0.00020000000000000573,0.00019999999999997797,0.5218,0.00040038073490751124,0.00020000000000003348
heteroatoms,4.427,0.4351,-2.8134000000000006,7.2404,0.976344981381209,2.8133999999999997
heteroatom_fraction,0.2417132065784046,0.004599999999999999,-0.022936802309016485,0.2646500088874211,0.2843561851668692,0.023650395177933197
carbon,14.036,0.5150999999999999,-6.385199999999999,20.4212,0.9991673860545136,6.385999999999999
nitrogen,2.341,0.17880000000000001,-0.7363999999999997,3.0774,0.3928481294289637,0.7363999999999999
oxygen,1.9225,0.25639999999999996,-1.1381,3.0606,0.5449430920731376,1.1380999999999997
fluorine,0.1635,0.07030000000000002,-0.23729999999999998,0.4008,0.22019853536807052,0.23729999999999996
chlorine,0.0,0.1704,-0.2166,0.2166,0.4072432759760399,0.21660000000000001
formal_charge,0.0,0.010800000000000016,-0.0118,0.0118,0.0995124937366975,0.011800000000000033
absolute_formal_charge,0.0,0.058799999999999984,-0.1178,0.1178,0.23159417768262056,0.11780000000000002
molecular_weight,252.07412949999997,0.0,-141.80098870000012,393.8751182000001,1.272655625635585,141.80098870000012
logp,2.063631545000001,0.0,-1.399327437000001,3.462958982000002,0.7702927414279955,1.4065161690000014
tpsa,53.985295,0.010150000000000001,-26.233168999999997,80.218464,0.6803692511486956,26.233168999999997
hbd,1.224,0.08050000000000002,-0.3104,1.5344,0.22513944957932258,0.3104000000000003
hba,3.743,0.20909999999999998,-1.0836000000000001,4.8266,0.5291123837767624,1.0836000000000001
rotatable_bonds,2.9155,0.39970000000000006,-2.7202999999999995,5.6358,0.7751445458847472,2.7203000000000004
fraction_csp3,0.3890658563365338,0.010500000000000002,0.06072165730279433,0.32834419903373946,0.2989498085673491,0.06072165730279433
